date,channel,campaign,audience,campaign_type,target_market,startup_stage,industry,message_variant,landing_page_variant,impressions,clicks,spend,landing_page_visits,leads,qualified_leads,quote_starts,quotes_completed,policies_bound,premium,cpc,ctr,lp_conversion_rate,qual_rate,cpl,cpql,cac,roas,day_of_week,is_weekend,experiment_id,variant_role,notes,data_source
2026-06-01,Google Search,C-GGL-ENT,ai_founders,prospecting,SF Bay,seed,ai_saas,enterprise,enterprise_ready,333,15,156.72,10,2,2,0,0,0,0.0,10.45,0.045,0.2,1.0,78.36,78.36,,0.0,0,False,ent_vs_gen_ggl,treatment,,synthetic
2026-06-01,Google Search,C-GGL-GEN,saas_founders,prospecting,Remote,pre_seed,ai_saas,generic,generic,255,17,144.66,14,1,1,0,0,0,0.0,8.51,0.0667,0.0714,1.0,144.66,144.66,,0.0,0,False,ent_vs_gen_ggl,control,,synthetic
2026-06-01,LinkedIn,C-LNK-ENT,ai_founders,prospecting,NYC,seed,ai_saas,enterprise,enterprise_ready,2469,16,137.97,12,0,0,0,0,0,0.0,8.62,0.0065,0.0,0.0,,,,0.0,0,False,,,,synthetic
2026-06-01,LinkedIn,C-LNK-FND,startup_operators,prospecting,Remote,seed,fintech,fundraising,enterprise_ready,1333,8,63.48,7,2,0,0,0,0,0.0,7.93,0.006,0.2857,0.0,31.74,,,0.0,0,False,,,,synthetic
2026-06-01,Meta,C-MTA-GEN,ai_founders,prospecting,Remote,pre_seed,ai_infra,generic,generic,1812,25,102.78,23,1,0,0,0,0,0.0,4.11,0.0138,0.0435,0.0,102.78,,,0.0,0,False,,,,synthetic
2026-06-01,Meta,C-MTA-AI,saas_founders,prospecting,Remote,pre_seed,ai_saas,enterprise,ai_focused,1111,13,57.07,10,0,0,0,0,0,0.0,4.39,0.0117,0.0,0.0,,,,0.0,0,False,,,,synthetic
2026-06-01,Meta,C-MTA-RET,retargeting,retargeting,Remote,seed,ai_saas,enterprise,enterprise_ready,119,4,11.51,4,1,1,0,0,0,0.0,2.88,0.0336,0.25,1.0,11.51,11.51,,0.0,0,False,,,,synthetic
2026-06-01,Google Search,C-GGL-RET,retargeting,retargeting,Remote,seed,ai_saas,generic,generic,285,9,52.3,7,1,1,1,0,0,0.0,5.81,0.0316,0.1429,1.0,52.3,52.3,,0.0,0,False,,,,synthetic
2026-06-02,Google Search,C-GGL-ENT,ai_founders,prospecting,SF Bay,seed,ai_saas,enterprise,enterprise_ready,289,13,145.35,10,2,1,1,1,0,0.0,11.18,0.045,0.2,0.5,72.67,145.35,,0.0,1,False,ent_vs_gen_ggl,treatment,,synthetic
2026-06-02,Google Search,C-GGL-GEN,saas_founders,prospecting,Remote,pre_seed,ai_saas,generic,generic,240,16,142.86,12,3,1,0,0,0,0.0,8.93,0.0667,0.25,0.3333,47.62,142.86,,0.0,1,False,ent_vs_gen_ggl,control,,synthetic
2026-06-02,LinkedIn,C-LNK-ENT,ai_founders,prospecting,NYC,seed,ai_saas,enterprise,enterprise_ready,3241,21,185.92,17,1,1,0,0,0,0.0,8.85,0.0065,0.0588,1.0,185.92,185.92,,0.0,1,False,,,,synthetic
2026-06-02,LinkedIn,C-LNK-FND,startup_operators,prospecting,Remote,seed,fintech,fundraising,enterprise_ready,1500,9,73.87,8,1,1,0,0,0,0.0,8.21,0.006,0.125,1.0,73.87,73.87,,0.0,1,False,,,,synthetic
2026-06-02,Meta,C-MTA-GEN,ai_founders,prospecting,Remote,pre_seed,ai_infra,generic,generic,2319,32,131.07,27,0,0,0,0,0,0.0,4.1,0.0138,0.0,0.0,,,,0.0,1,False,,,,synthetic
2026-06-02,Meta,C-MTA-AI,saas_founders,prospecting,Remote,pre_seed,ai_saas,enterprise,ai_focused,1282,15,69.22,13,1,0,0,0,0,0.0,4.61,0.0117,0.0769,0.0,69.22,,,0.0,1,False,,,,synthetic
2026-06-02,Meta,C-MTA-RET,retargeting,retargeting,Remote,seed,ai_saas,enterprise,enterprise_ready,119,4,11.95,4,1,1,1,1,1,4901.91,2.99,0.0336,0.25,1.0,11.95,11.95,11.95,410.2017,1,False,,,,synthetic
2026-06-02,Google Search,C-GGL-RET,retargeting,retargeting,Remote,seed,ai_saas,generic,generic,253,8,47.18,5,2,1,0,0,0,0.0,5.9,0.0316,0.4,0.5,23.59,47.18,,0.0,1,False,,,,synthetic
2026-06-03,Google Search,C-GGL-ENT,ai_founders,prospecting,SF Bay,seed,ai_saas,enterprise,enterprise_ready,289,13,140.85,10,1,1,1,0,0,0.0,10.83,0.045,0.1,1.0,140.85,140.85,,0.0,2,False,ent_vs_gen_ggl,treatment,,synthetic
2026-06-03,Google Search,C-GGL-GEN,saas_founders,prospecting,Remote,pre_seed,ai_saas,generic,generic,270,18,149.24,14,2,1,0,0,0,0.0,8.29,0.0667,0.1429,0.5,74.62,149.24,,0.0,2,False,ent_vs_gen_ggl,control,,synthetic
2026-06-03,LinkedIn,C-LNK-ENT,ai_founders,prospecting,NYC,seed,ai_saas,enterprise,enterprise_ready,3086,20,182.19,16,1,1,1,1,0,0.0,9.11,0.0065,0.0625,1.0,182.19,182.19,,0.0,2,False,,,,synthetic
2026-06-03,LinkedIn,C-LNK-FND,startup_operators,prospecting,Remote,seed,fintech,fundraising,enterprise_ready,1833,11,82.04,8,0,0,0,0,0,0.0,7.46,0.006,0.0,0.0,,,,0.0,2,False,,,,synthetic
2026-06-03,Meta,C-MTA-GEN,ai_founders,prospecting,Remote,pre_seed,ai_infra,generic,generic,2391,33,134.22,29,3,0,0,0,0,0.0,4.07,0.0138,0.1034,0.0,44.74,,,0.0,2,False,,,,synthetic
2026-06-03,Meta,C-MTA-AI,saas_founders,prospecting,Remote,pre_seed,ai_saas,enterprise,ai_focused,1624,19,76.47,15,0,0,0,0,0,0.0,4.02,0.0117,0.0,0.0,,,,0.0,2,False,,,,synthetic
2026-06-03,Meta,C-MTA-RET,retargeting,retargeting,Remote,seed,ai_saas,enterprise,enterprise_ready,119,4,11.93,3,2,2,1,1,1,4729.56,2.98,0.0336,0.6667,1.0,5.96,5.96,11.93,396.4426,2,False,,,,synthetic
2026-06-03,Google Search,C-GGL-RET,retargeting,retargeting,Remote,seed,ai_saas,generic,generic,253,8,48.41,8,3,2,0,0,0,0.0,6.05,0.0316,0.375,0.6667,16.14,24.2,,0.0,2,False,,,,synthetic
2026-06-04,Google Search,C-GGL-ENT,ai_founders,prospecting,SF Bay,seed,ai_saas,enterprise,enterprise_ready,356,16,169.1,11,1,0,0,0,0,0.0,10.57,0.0449,0.0909,0.0,169.1,,,0.0,3,False,ent_vs_gen_ggl,treatment,,synthetic
2026-06-04,Google Search,C-GGL-GEN,saas_founders,prospecting,Remote,pre_seed,ai_saas,generic,generic,255,17,144.48,11,0,0,0,0,0,0.0,8.5,0.0667,0.0,0.0,,,,0.0,3,False,ent_vs_gen_ggl,control,,synthetic
2026-06-04,LinkedIn,C-LNK-ENT,ai_founders,prospecting,NYC,seed,ai_saas,enterprise,enterprise_ready,2932,19,160.26,13,2,1,0,0,0,0.0,8.43,0.0065,0.1538,0.5,80.13,160.26,,0.0,3,False,,,,synthetic
2026-06-04,LinkedIn,C-LNK-FND,startup_operators,prospecting,Remote,seed,fintech,fundraising,enterprise_ready,1667,10,80.97,7,0,0,0,0,0,0.0,8.1,0.006,0.0,0.0,,,,0.0,3,False,,,,synthetic
2026-06-04,Meta,C-MTA-GEN,ai_founders,prospecting,Remote,pre_seed,ai_infra,generic,generic,2681,37,149.53,25,2,0,0,0,0,0.0,4.04,0.0138,0.08,0.0,74.77,,,0.0,3,False,,,,synthetic
2026-06-04,Meta,C-MTA-AI,saas_founders,prospecting,Remote,pre_seed,ai_saas,enterprise,ai_focused,1453,17,75.12,12,2,0,0,0,0,0.0,4.42,0.0117,0.1667,0.0,37.56,,,0.0,3,False,,,,synthetic
2026-06-04,Meta,C-MTA-RET,retargeting,retargeting,Remote,seed,ai_saas,enterprise,enterprise_ready,119,4,11.78,4,0,0,0,0,0,0.0,2.94,0.0336,0.0,0.0,,,,0.0,3,False,,,,synthetic
2026-06-04,Google Search,C-GGL-RET,retargeting,retargeting,Remote,seed,ai_saas,generic,generic,253,8,48.31,7,0,0,0,0,0,0.0,6.04,0.0316,0.0,0.0,,,,0.0,3,False,,,,synthetic
2026-06-05,Google Search,C-GGL-ENT,ai_founders,prospecting,SF Bay,seed,ai_saas,enterprise,enterprise_ready,311,14,144.89,12,3,1,1,0,0,0.0,10.35,0.045,0.25,0.3333,48.3,144.89,,0.0,4,False,ent_vs_gen_ggl,treatment,,synthetic
2026-06-05,Google Search,C-GGL-GEN,saas_founders,prospecting,Remote,pre_seed,ai_saas,generic,generic,240,16,143.09,12,4,1,1,0,0,0.0,8.94,0.0667,0.3333,0.25,35.77,143.09,,0.0,4,False,ent_vs_gen_ggl,control,,synthetic
2026-06-05,LinkedIn,C-LNK-ENT,ai_founders,prospecting,NYC,seed,ai_saas,enterprise,enterprise_ready,2623,17,144.87,15,1,0,0,0,0,0.0,8.52,0.0065,0.0667,0.0,144.87,,,0.0,4,False,,,,synthetic
2026-06-05,LinkedIn,C-LNK-FND,startup_operators,prospecting,Remote,seed,fintech,fundraising,enterprise_ready,1333,8,63.15,6,1,1,1,1,1,3147.22,7.89,0.006,0.1667,1.0,63.15,63.15,63.15,49.8372,4,False,,,,synthetic
2026-06-05,Meta,C-MTA-GEN,ai_founders,prospecting,Remote,pre_seed,ai_infra,generic,generic,2101,29,109.96,20,3,0,0,0,0,0.0,3.79,0.0138,0.15,0.0,36.65,,,0.0,4,False,,,,synthetic
2026-06-05,Meta,C-MTA-AI,saas_founders,prospecting,Remote,pre_seed,ai_saas,enterprise,ai_focused,1282,15,61.64,11,0,0,0,0,0,0.0,4.11,0.0117,0.0,0.0,,,,0.0,4,False,,,,synthetic
2026-06-05,Meta,C-MTA-RET,retargeting,retargeting,Remote,seed,ai_saas,enterprise,enterprise_ready,119,4,13.12,4,0,0,0,0,0,0.0,3.28,0.0336,0.0,0.0,,,,0.0,4,False,,,,synthetic
2026-06-05,Google Search,C-GGL-RET,retargeting,retargeting,Remote,seed,ai_saas,generic,generic,253,8,52.25,8,0,0,0,0,0,0.0,6.53,0.0316,0.0,0.0,,,,0.0,4,False,,,,synthetic
2026-06-06,Google Search,C-GGL-ENT,ai_founders,prospecting,SF Bay,seed,ai_saas,enterprise,enterprise_ready,311,14,151.39,12,0,0,0,0,0,0.0,10.81,0.045,0.0,0.0,,,,0.0,5,True,ent_vs_gen_ggl,treatment,,synthetic
2026-06-06,Google Search,C-GGL-GEN,saas_founders,prospecting,Remote,pre_seed,ai_saas,generic,generic,255,17,146.46,16,2,1,0,0,0,0.0,8.62,0.0667,0.125,0.5,73.23,146.46,,0.0,5,True,ent_vs_gen_ggl,control,,synthetic
2026-06-06,LinkedIn,C-LNK-ENT,ai_founders,prospecting,NYC,seed,ai_saas,enterprise,enterprise_ready,926,6,54.06,4,0,0,0,0,0,0.0,9.01,0.0065,0.0,0.0,,,,0.0,5,True,,,,synthetic
2026-06-06,LinkedIn,C-LNK-FND,startup_operators,prospecting,Remote,seed,fintech,fundraising,enterprise_ready,1000,6,51.84,5,0,0,0,0,0,0.0,8.64,0.006,0.0,0.0,,,,0.0,5,True,,,,synthetic
2026-06-06,Meta,C-MTA-GEN,ai_founders,prospecting,Remote,pre_seed,ai_infra,generic,generic,1014,14,56.8,9,0,0,0,0,0,0.0,4.06,0.0138,0.0,0.0,,,,0.0,5,True,,,,synthetic
2026-06-06,Meta,C-MTA-AI,saas_founders,prospecting,Remote,pre_seed,ai_saas,enterprise,ai_focused,1026,12,51.06,7,1,0,0,0,0,0.0,4.25,0.0117,0.1429,0.0,51.06,,,0.0,5,True,,,,synthetic
2026-06-06,Meta,C-MTA-RET,retargeting,retargeting,Remote,seed,ai_saas,enterprise,enterprise_ready,119,4,11.86,4,2,2,2,1,0,0.0,2.96,0.0336,0.5,1.0,5.93,5.93,,0.0,5,True,,,,synthetic
2026-06-06,Google Search,C-GGL-RET,retargeting,retargeting,Remote,seed,ai_saas,generic,generic,253,8,48.88,8,1,1,0,0,0,0.0,6.11,0.0316,0.125,1.0,48.88,48.88,,0.0,5,True,,,,synthetic
2026-06-07,Google Search,C-GGL-ENT,ai_founders,prospecting,SF Bay,seed,ai_saas,enterprise,enterprise_ready,289,13,140.88,8,3,2,2,1,1,4916.82,10.84,0.045,0.375,0.6667,46.96,70.44,140.88,34.9008,6,True,ent_vs_gen_ggl,treatment,,synthetic
2026-06-07,Google Search,C-GGL-GEN,saas_founders,prospecting,Remote,pre_seed,ai_saas,generic,generic,285,19,159.41,14,1,1,0,0,0,0.0,8.39,0.0667,0.0714,1.0,159.41,159.41,,0.0,6,True,ent_vs_gen_ggl,control,,synthetic
2026-06-07,LinkedIn,C-LNK-ENT,ai_founders,prospecting,NYC,seed,ai_saas,enterprise,enterprise_ready,772,5,47.69,5,1,1,0,0,0,0.0,9.54,0.0065,0.2,1.0,47.69,47.69,,0.0,6,True,,,,synthetic
2026-06-07,LinkedIn,C-LNK-FND,startup_operators,prospecting,Remote,seed,fintech,fundraising,enterprise_ready,1000,6,46.81,5,1,0,0,0,0,0.0,7.8,0.006,0.2,0.0,46.81,,,0.0,6,True,,,,synthetic
2026-06-07,Meta,C-MTA-GEN,ai_founders,prospecting,Remote,pre_seed,ai_infra,generic,generic,942,13,48.89,12,2,0,0,0,0,0.0,3.76,0.0138,0.1667,0.0,24.45,,,0.0,6,True,,,,synthetic
2026-06-07,Meta,C-MTA-AI,saas_founders,prospecting,Remote,pre_seed,ai_saas,enterprise,ai_focused,1111,13,51.86,9,1,1,0,0,0,0.0,3.99,0.0117,0.1111,1.0,51.86,51.86,,0.0,6,True,,,,synthetic
2026-06-07,Meta,C-MTA-RET,retargeting,retargeting,Remote,seed,ai_saas,enterprise,enterprise_ready,119,4,12.37,4,0,0,0,0,0,0.0,3.09,0.0336,0.0,0.0,,,,0.0,6,True,,,,synthetic
2026-06-07,Google Search,C-GGL-RET,retargeting,retargeting,Remote,seed,ai_saas,generic,generic,285,9,52.56,8,1,0,0,0,0,0.0,5.84,0.0316,0.125,0.0,52.56,,,0.0,6,True,,,,synthetic
2026-06-08,Google Search,C-GGL-ENT,ai_founders,prospecting,SF Bay,seed,ai_saas,enterprise,enterprise_ready,311,14,147.92,12,1,1,0,0,0,0.0,10.57,0.045,0.0833,1.0,147.92,147.92,,0.0,0,False,ent_vs_gen_ggl,treatment,,synthetic
2026-06-08,Google Search,C-GGL-GEN,saas_founders,prospecting,Remote,pre_seed,ai_saas,generic,generic,240,16,146.64,12,4,2,1,0,0,0.0,9.16,0.0667,0.3333,0.5,36.66,73.32,,0.0,0,False,ent_vs_gen_ggl,control,,synthetic
2026-06-08,LinkedIn,C-LNK-ENT,ai_founders,prospecting,NYC,seed,ai_saas,enterprise,enterprise_ready,2315,15,141.01,14,3,2,2,1,1,4790.99,9.4,0.0065,0.2143,0.6667,47.0,70.5,141.01,33.9762,0,False,,,,synthetic
2026-06-08,LinkedIn,C-LNK-FND,startup_operators,prospecting,Remote,seed,fintech,fundraising,enterprise_ready,1500,9,66.38,8,1,1,1,1,1,3370.52,7.38,0.006,0.125,1.0,66.38,66.38,66.38,50.7761,0,False,,,,synthetic
2026-06-08,Meta,C-MTA-GEN,ai_founders,prospecting,Remote,pre_seed,ai_infra,generic,generic,1667,23,92.46,19,4,0,0,0,0,0.0,4.02,0.0138,0.2105,0.0,23.11,,,0.0,0,False,,,,synthetic
2026-06-08,Meta,C-MTA-AI,saas_founders,prospecting,Remote,pre_seed,ai_saas,enterprise,ai_focused,1197,14,63.87,13,0,0,0,0,0,0.0,4.56,0.0117,0.0,0.0,,,,0.0,0,False,,,,synthetic
2026-06-08,Meta,C-MTA-RET,retargeting,retargeting,Remote,seed,ai_saas,enterprise,enterprise_ready,119,4,12.52,3,1,1,1,1,0,0.0,3.13,0.0336,0.3333,1.0,12.52,12.52,,0.0,0,False,,,,synthetic
2026-06-08,Google Search,C-GGL-RET,retargeting,retargeting,Remote,seed,ai_saas,generic,generic,285,9,47.88,9,3,0,0,0,0,0.0,5.32,0.0316,0.3333,0.0,15.96,,,0.0,0,False,,,,synthetic
2026-06-09,Google Search,C-GGL-ENT,ai_founders,prospecting,SF Bay,seed,ai_saas,enterprise,enterprise_ready,311,14,164.85,13,1,1,1,1,1,4431.79,11.78,0.045,0.0769,1.0,164.85,164.85,164.85,26.8838,1,False,ent_vs_gen_ggl,treatment,,synthetic
2026-06-09,Google Search,C-GGL-GEN,saas_founders,prospecting,Remote,pre_seed,ai_saas,generic,generic,270,18,142.22,16,1,1,1,0,0,0.0,7.9,0.0667,0.0625,1.0,142.22,142.22,,0.0,1,False,ent_vs_gen_ggl,control,,synthetic
2026-06-09,LinkedIn,C-LNK-ENT,ai_founders,prospecting,NYC,seed,ai_saas,enterprise,enterprise_ready,2778,18,166.23,12,2,2,2,0,0,0.0,9.23,0.0065,0.1667,1.0,83.11,83.11,,0.0,1,False,,,,synthetic
2026-06-09,LinkedIn,C-LNK-FND,startup_operators,prospecting,Remote,seed,fintech,fundraising,enterprise_ready,1500,9,73.71,7,1,1,0,0,0,0.0,8.19,0.006,0.1429,1.0,73.71,73.71,,0.0,1,False,,,,synthetic
2026-06-09,Meta,C-MTA-GEN,ai_founders,prospecting,Remote,pre_seed,ai_infra,generic,generic,2101,29,122.47,22,5,0,0,0,0,0.0,4.22,0.0138,0.2273,0.0,24.49,,,0.0,1,False,,,,synthetic
2026-06-09,Meta,C-MTA-AI,saas_founders,prospecting,Remote,pre_seed,ai_saas,enterprise,ai_focused,1368,16,79.21,14,0,0,0,0,0,0.0,4.95,0.0117,0.0,0.0,,,,0.0,1,False,,,,synthetic
2026-06-09,Meta,C-MTA-RET,retargeting,retargeting,Remote,seed,ai_saas,enterprise,enterprise_ready,119,4,11.52,3,1,1,1,1,0,0.0,2.88,0.0336,0.3333,1.0,11.52,11.52,,0.0,1,False,,,,synthetic
2026-06-09,Google Search,C-GGL-RET,retargeting,retargeting,Remote,seed,ai_saas,generic,generic,253,8,47.48,7,0,0,0,0,0,0.0,5.93,0.0316,0.0,0.0,,,,0.0,1,False,,,,synthetic
2026-06-10,Google Search,C-GGL-ENT,ai_founders,prospecting,SF Bay,seed,ai_saas,enterprise,enterprise_ready,311,14,151.45,10,2,2,1,0,0,0.0,10.82,0.045,0.2,1.0,75.72,75.72,,0.0,2,False,ent_vs_gen_ggl,treatment,,synthetic
2026-06-10,Google Search,C-GGL-GEN,saas_founders,prospecting,Remote,pre_seed,ai_saas,generic,generic,240,16,154.26,13,3,2,2,1,0,0.0,9.64,0.0667,0.2308,0.6667,51.42,77.13,,0.0,2,False,ent_vs_gen_ggl,control,,synthetic
2026-06-10,LinkedIn,C-LNK-ENT,ai_founders,prospecting,NYC,seed,ai_saas,enterprise,enterprise_ready,3395,22,190.01,17,0,0,0,0,0,0.0,8.64,0.0065,0.0,0.0,,,,0.0,2,False,,,,synthetic
2026-06-10,LinkedIn,C-LNK-FND,startup_operators,prospecting,Remote,seed,fintech,fundraising,enterprise_ready,1833,11,89.82,9,0,0,0,0,0,0.0,8.17,0.006,0.0,0.0,,,,0.0,2,False,,,,synthetic
2026-06-10,Meta,C-MTA-GEN,ai_founders,prospecting,Remote,pre_seed,ai_infra,generic,generic,2971,41,149.33,37,6,2,0,0,0,0.0,3.64,0.0138,0.1622,0.3333,24.89,74.67,,0.0,2,False,,,,synthetic
2026-06-10,Meta,C-MTA-AI,saas_founders,prospecting,Remote,pre_seed,ai_saas,enterprise,ai_focused,1538,18,75.09,14,3,3,1,0,0,0.0,4.17,0.0117,0.2143,1.0,25.03,25.03,,0.0,2,False,,,,synthetic
2026-06-10,Meta,C-MTA-RET,retargeting,retargeting,Remote,seed,ai_saas,enterprise,enterprise_ready,119,4,11.85,3,0,0,0,0,0,0.0,2.96,0.0336,0.0,0.0,,,,0.0,2,False,,,,synthetic
2026-06-10,Google Search,C-GGL-RET,retargeting,retargeting,Remote,seed,ai_saas,generic,generic,253,8,49.79,8,3,0,0,0,0,0.0,6.22,0.0316,0.375,0.0,16.6,,,0.0,2,False,,,,synthetic
2026-06-11,Google Search,C-GGL-ENT,ai_founders,prospecting,SF Bay,seed,ai_saas,enterprise,enterprise_ready,267,12,141.36,11,1,1,1,1,0,0.0,11.78,0.0449,0.0909,1.0,141.36,141.36,,0.0,3,False,ent_vs_gen_ggl,treatment,,synthetic
2026-06-11,Google Search,C-GGL-GEN,saas_founders,prospecting,Remote,pre_seed,ai_saas,generic,generic,270,18,146.36,12,0,0,0,0,0,0.0,8.13,0.0667,0.0,0.0,,,,0.0,3,False,ent_vs_gen_ggl,control,,synthetic
2026-06-11,LinkedIn,C-LNK-ENT,ai_founders,prospecting,NYC,seed,ai_saas,enterprise,enterprise_ready,3241,21,184.33,16,2,2,2,2,1,4681.89,8.78,0.0065,0.125,1.0,92.17,92.17,184.33,25.3995,3,False,,,,synthetic
2026-06-11,LinkedIn,C-LNK-FND,startup_operators,prospecting,Remote,seed,fintech,fundraising,enterprise_ready,1667,10,79.55,10,0,0,0,0,0,0.0,7.96,0.006,0.0,0.0,,,,0.0,3,False,,,,synthetic
2026-06-11,Meta,C-MTA-GEN,ai_founders,prospecting,Remote,pre_seed,ai_infra,generic,generic,2536,35,143.02,28,5,2,0,0,0,0.0,4.09,0.0138,0.1786,0.4,28.6,71.51,,0.0,3,False,,,,synthetic
2026-06-11,Meta,C-MTA-AI,saas_founders,prospecting,Remote,pre_seed,ai_saas,enterprise,ai_focused,1453,17,72.72,13,1,0,0,0,0,0.0,4.28,0.0117,0.0769,0.0,72.72,,,0.0,3,False,,,,synthetic
2026-06-11,Meta,C-MTA-RET,retargeting,retargeting,Remote,seed,ai_saas,enterprise,enterprise_ready,119,4,12.23,3,0,0,0,0,0,0.0,3.06,0.0336,0.0,0.0,,,,0.0,3,False,,,,synthetic
2026-06-11,Google Search,C-GGL-RET,retargeting,retargeting,Remote,seed,ai_saas,generic,generic,253,8,47.8,6,1,1,1,0,0,0.0,5.97,0.0316,0.1667,1.0,47.8,47.8,,0.0,3,False,,,,synthetic
2026-06-12,Google Search,C-GGL-ENT,ai_founders,prospecting,SF Bay,seed,ai_saas,enterprise,enterprise_ready,289,13,144.91,7,1,1,1,1,1,4310.59,11.15,0.045,0.1429,1.0,144.91,144.91,144.91,29.7467,4,False,ent_vs_gen_ggl,treatment,,synthetic
2026-06-12,Google Search,C-GGL-GEN,saas_founders,prospecting,Remote,pre_seed,ai_saas,generic,generic,270,18,145.36,16,3,1,0,0,0,0.0,8.08,0.0667,0.1875,0.3333,48.45,145.36,,0.0,4,False,ent_vs_gen_ggl,control,,synthetic
2026-06-12,LinkedIn,C-LNK-ENT,ai_founders,prospecting,NYC,seed,ai_saas,enterprise,enterprise_ready,2932,19,160.92,16,3,2,2,0,0,0.0,8.47,0.0065,0.1875,0.6667,53.64,80.46,,0.0,4,False,,,,synthetic
2026-06-12,LinkedIn,C-LNK-FND,startup_operators,prospecting,Remote,seed,fintech,fundraising,enterprise_ready,1333,8,62.48,3,0,0,0,0,0,0.0,7.81,0.006,0.0,0.0,,,,0.0,4,False,,,,synthetic
2026-06-12,Meta,C-MTA-GEN,ai_founders,prospecting,Remote,pre_seed,ai_infra,generic,generic,2174,30,116.8,26,3,1,1,1,0,0.0,3.89,0.0138,0.1154,0.3333,38.93,116.8,,0.0,4,False,,,,synthetic
2026-06-12,Meta,C-MTA-AI,saas_founders,prospecting,Remote,pre_seed,ai_saas,enterprise,ai_focused,1282,15,64.16,10,1,1,1,0,0,0.0,4.28,0.0117,0.1,1.0,64.16,64.16,,0.0,4,False,,,,synthetic
2026-06-12,Meta,C-MTA-RET,retargeting,retargeting,Remote,seed,ai_saas,enterprise,enterprise_ready,119,4,11.66,3,1,1,1,0,0,0.0,2.92,0.0336,0.3333,1.0,11.66,11.66,,0.0,4,False,,,,synthetic
2026-06-12,Google Search,C-GGL-RET,retargeting,retargeting,Remote,seed,ai_saas,generic,generic,253,8,47.19,7,0,0,0,0,0,0.0,5.9,0.0316,0.0,0.0,,,,0.0,4,False,,,,synthetic
2026-06-13,Google Search,C-GGL-ENT,ai_founders,prospecting,SF Bay,seed,ai_saas,enterprise,enterprise_ready,289,13,161.85,11,2,1,1,1,0,0.0,12.45,0.045,0.1818,0.5,80.92,161.85,,0.0,5,True,ent_vs_gen_ggl,treatment,,synthetic
2026-06-13,Google Search,C-GGL-GEN,saas_founders,prospecting,Remote,pre_seed,ai_saas,generic,generic,300,20,157.9,14,7,2,0,0,0,0.0,7.9,0.0667,0.5,0.2857,22.56,78.95,,0.0,5,True,ent_vs_gen_ggl,control,,synthetic
2026-06-13,LinkedIn,C-LNK-ENT,ai_founders,prospecting,NYC,seed,ai_saas,enterprise,enterprise_ready,926,6,49.44,5,2,1,1,0,0,0.0,8.24,0.0065,0.4,0.5,24.72,49.44,,0.0,5,True,,,,synthetic
2026-06-13,LinkedIn,C-LNK-FND,startup_operators,prospecting,Remote,seed,fintech,fundraising,enterprise_ready,1000,6,48.88,5,1,1,1,1,0,0.0,8.15,0.006,0.2,1.0,48.88,48.88,,0.0,5,True,,,,synthetic
2026-06-13,Meta,C-MTA-GEN,ai_founders,prospecting,Remote,pre_seed,ai_infra,generic,generic,942,13,51.91,11,1,1,0,0,0,0.0,3.99,0.0138,0.0909,1.0,51.91,51.91,,0.0,5,True,,,,synthetic
2026-06-13,Meta,C-MTA-AI,saas_founders,prospecting,Remote,pre_seed,ai_saas,enterprise,ai_focused,940,11,50.29,9,0,0,0,0,0,0.0,4.57,0.0117,0.0,0.0,,,,0.0,5,True,,,,synthetic
2026-06-13,Meta,C-MTA-RET,retargeting,retargeting,Remote,seed,ai_saas,enterprise,enterprise_ready,119,4,13.46,4,2,1,1,1,1,4551.9,3.37,0.0336,0.5,0.5,6.73,13.46,13.46,338.1798,5,True,,,,synthetic
2026-06-13,Google Search,C-GGL-RET,retargeting,retargeting,Remote,seed,ai_saas,generic,generic,285,9,52.91,8,0,0,0,0,0,0.0,5.88,0.0316,0.0,0.0,,,,0.0,5,True,,,,synthetic
2026-06-14,Google Search,C-GGL-ENT,ai_founders,prospecting,SF Bay,seed,ai_saas,enterprise,enterprise_ready,289,13,145.8,10,0,0,0,0,0,0.0,11.22,0.045,0.0,0.0,,,,0.0,6,True,ent_vs_gen_ggl,treatment,,synthetic
2026-06-14,Google Search,C-GGL-GEN,saas_founders,prospecting,Remote,pre_seed,ai_saas,generic,generic,255,17,139.38,14,0,0,0,0,0,0.0,8.2,0.0667,0.0,0.0,,,,0.0,6,True,ent_vs_gen_ggl,control,,synthetic
2026-06-14,LinkedIn,C-LNK-ENT,ai_founders,prospecting,NYC,seed,ai_saas,enterprise,enterprise_ready,772,5,47.61,5,0,0,0,0,0,0.0,9.52,0.0065,0.0,0.0,,,,0.0,6,True,,,,synthetic
2026-06-14,LinkedIn,C-LNK-FND,startup_operators,prospecting,Remote,seed,fintech,fundraising,enterprise_ready,1167,7,53.39,6,0,0,0,0,0,0.0,7.63,0.006,0.0,0.0,,,,0.0,6,True,,,,synthetic
2026-06-14,Meta,C-MTA-GEN,ai_founders,prospecting,Remote,pre_seed,ai_infra,generic,generic,870,12,48.08,11,3,0,0,0,0,0.0,4.01,0.0138,0.2727,0.0,16.03,,,0.0,6,True,,,,synthetic
2026-06-14,Meta,C-MTA-AI,saas_founders,prospecting,Remote,pre_seed,ai_saas,enterprise,ai_focused,1026,12,49.89,9,1,1,0,0,0,0.0,4.16,0.0117,0.1111,1.0,49.89,49.89,,0.0,6,True,,,,synthetic
2026-06-14,Meta,C-MTA-RET,retargeting,retargeting,Remote,seed,ai_saas,enterprise,enterprise_ready,119,4,11.13,3,0,0,0,0,0,0.0,2.78,0.0336,0.0,0.0,,,,0.0,6,True,,,,synthetic
2026-06-14,Google Search,C-GGL-RET,retargeting,retargeting,Remote,seed,ai_saas,generic,generic,285,9,51.12,8,2,2,0,0,0,0.0,5.68,0.0316,0.25,1.0,25.56,25.56,,0.0,6,True,,,,synthetic
2026-06-15,Google Search,C-GGL-ENT,ai_founders,prospecting,SF Bay,seed,ai_saas,enterprise,enterprise_ready,311,14,156.11,12,0,0,0,0,0,0.0,11.15,0.045,0.0,0.0,,,,0.0,0,False,ent_vs_gen_ggl,treatment,,synthetic
2026-06-15,Google Search,C-GGL-GEN,saas_founders,prospecting,Remote,pre_seed,ai_saas,generic,generic,210,14,125.68,11,2,1,0,0,0,0.0,8.98,0.0667,0.1818,0.5,62.84,125.68,,0.0,0,False,ent_vs_gen_ggl,control,,synthetic
2026-06-15,LinkedIn,C-LNK-ENT,ai_founders,prospecting,NYC,seed,ai_saas,enterprise,enterprise_ready,2623,17,157.49,12,3,3,1,0,0,0.0,9.26,0.0065,0.25,1.0,52.5,52.5,,0.0,0,False,,,,synthetic
2026-06-15,LinkedIn,C-LNK-FND,startup_operators,prospecting,Remote,seed,fintech,fundraising,enterprise_ready,1333,8,67.87,5,0,0,0,0,0,0.0,8.48,0.006,0.0,0.0,,,,0.0,0,False,,,,synthetic
2026-06-15,Meta,C-MTA-GEN,ai_founders,prospecting,Remote,pre_seed,ai_infra,generic,generic,1884,26,110.88,21,2,0,0,0,0,0.0,4.26,0.0138,0.0952,0.0,55.44,,,0.0,0,False,,,,synthetic
2026-06-15,Meta,C-MTA-AI,saas_founders,prospecting,Remote,pre_seed,ai_saas,enterprise,ai_focused,1026,12,54.41,10,1,1,1,0,0,0.0,4.53,0.0117,0.1,1.0,54.41,54.41,,0.0,0,False,,,,synthetic
2026-06-15,Meta,C-MTA-RET,retargeting,retargeting,Remote,seed,ai_saas,enterprise,enterprise_ready,119,4,12.05,4,1,1,1,0,0,0.0,3.01,0.0336,0.25,1.0,12.05,12.05,,0.0,0,False,,,,synthetic
2026-06-15,Google Search,C-GGL-RET,retargeting,retargeting,Remote,seed,ai_saas,generic,generic,253,8,52.62,7,0,0,0,0,0,0.0,6.58,0.0316,0.0,0.0,,,,0.0,0,False,,,,synthetic
2026-06-16,Google Search,C-GGL-ENT,ai_founders,prospecting,SF Bay,seed,ai_saas,enterprise,enterprise_ready,311,14,153.32,11,1,1,1,0,0,0.0,10.95,0.045,0.0909,1.0,153.32,153.32,,0.0,1,False,ent_vs_gen_ggl,treatment,,synthetic
2026-06-16,Google Search,C-GGL-GEN,saas_founders,prospecting,Remote,pre_seed,ai_saas,generic,generic,240,16,135.95,12,1,1,0,0,0,0.0,8.5,0.0667,0.0833,1.0,135.95,135.95,,0.0,1,False,ent_vs_gen_ggl,control,,synthetic
2026-06-16,LinkedIn,C-LNK-ENT,ai_founders,prospecting,NYC,seed,ai_saas,enterprise,enterprise_ready,2778,18,165.36,13,2,1,0,0,0,0.0,9.19,0.0065,0.1538,0.5,82.68,165.36,,0.0,1,False,,,,synthetic
2026-06-16,LinkedIn,C-LNK-FND,startup_operators,prospecting,Remote,seed,fintech,fundraising,enterprise_ready,1500,9,73.03,9,2,1,1,0,0,0.0,8.11,0.006,0.2222,0.5,36.52,73.03,,0.0,1,False,,,,synthetic
2026-06-16,Meta,C-MTA-GEN,ai_founders,prospecting,Remote,pre_seed,ai_infra,generic,generic,2391,33,134.07,28,7,0,0,0,0,0.0,4.06,0.0138,0.25,0.0,19.15,,,0.0,1,False,,,,synthetic
2026-06-16,Meta,C-MTA-AI,saas_founders,prospecting,Remote,pre_seed,ai_saas,enterprise,ai_focused,1538,18,72.68,12,2,0,0,0,0,0.0,4.04,0.0117,0.1667,0.0,36.34,,,0.0,1,False,,,,synthetic
2026-06-16,Meta,C-MTA-RET,retargeting,retargeting,Remote,seed,ai_saas,enterprise,enterprise_ready,119,4,10.43,3,1,1,0,0,0,0.0,2.61,0.0336,0.3333,1.0,10.43,10.43,,0.0,1,False,,,,synthetic
2026-06-16,Google Search,C-GGL-RET,retargeting,retargeting,Remote,seed,ai_saas,generic,generic,253,8,47.49,8,2,2,2,1,0,0.0,5.94,0.0316,0.25,1.0,23.75,23.75,,0.0,1,False,,,,synthetic
2026-06-17,Google Search,C-GGL-ENT,ai_founders,prospecting,SF Bay,seed,ai_saas,enterprise,enterprise_ready,289,13,146.45,10,2,1,1,1,0,0.0,11.27,0.045,0.2,0.5,73.22,146.45,,0.0,2,False,ent_vs_gen_ggl,treatment,,synthetic
2026-06-17,Google Search,C-GGL-GEN,saas_founders,prospecting,Remote,pre_seed,ai_saas,generic,generic,255,17,147.36,15,1,1,0,0,0,0.0,8.67,0.0667,0.0667,1.0,147.36,147.36,,0.0,2,False,ent_vs_gen_ggl,control,,synthetic
2026-06-17,LinkedIn,C-LNK-ENT,ai_founders,prospecting,NYC,seed,ai_saas,enterprise,enterprise_ready,3241,21,175.98,15,3,3,3,0,0,0.0,8.38,0.0065,0.2,1.0,58.66,58.66,,0.0,2,False,,,,synthetic
2026-06-17,LinkedIn,C-LNK-FND,startup_operators,prospecting,Remote,seed,fintech,fundraising,enterprise_ready,1667,10,80.09,10,1,0,0,0,0,0.0,8.01,0.006,0.1,0.0,80.09,,,0.0,2,False,,,,synthetic
2026-06-17,Meta,C-MTA-GEN,ai_founders,prospecting,Remote,pre_seed,ai_infra,generic,generic,2536,35,126.73,29,2,1,1,1,1,2551.11,3.62,0.0138,0.069,0.5,63.37,126.73,126.73,20.1303,2,False,,,,synthetic
2026-06-17,Meta,C-MTA-AI,saas_founders,prospecting,Remote,pre_seed,ai_saas,enterprise,ai_focused,1453,17,72.57,14,0,0,0,0,0,0.0,4.27,0.0117,0.0,0.0,,,,0.0,2,False,,,,synthetic
2026-06-17,Meta,C-MTA-RET,retargeting,retargeting,Remote,seed,ai_saas,enterprise,enterprise_ready,119,4,11.02,3,1,1,1,1,1,4493.11,2.75,0.0336,0.3333,1.0,11.02,11.02,11.02,407.7232,2,False,,,,synthetic
2026-06-17,Google Search,C-GGL-RET,retargeting,retargeting,Remote,seed,ai_saas,generic,generic,253,8,49.43,7,1,0,0,0,0,0.0,6.18,0.0316,0.1429,0.0,49.43,,,0.0,2,False,,,,synthetic
2026-06-18,Google Search,C-GGL-ENT,ai_founders,prospecting,SF Bay,seed,ai_saas,enterprise,enterprise_ready,333,15,160.79,14,4,4,4,3,0,0.0,10.72,0.045,0.2857,1.0,40.2,40.2,,0.0,3,False,ent_vs_gen_ggl,treatment,,synthetic
2026-06-18,Google Search,C-GGL-GEN,saas_founders,prospecting,Remote,pre_seed,ai_saas,generic,generic,285,19,157.38,14,3,2,0,0,0,0.0,8.28,0.0667,0.2143,0.6667,52.46,78.69,,0.0,3,False,ent_vs_gen_ggl,control,,synthetic
2026-06-18,LinkedIn,C-LNK-ENT,ai_founders,prospecting,NYC,seed,ai_saas,enterprise,enterprise_ready,3549,23,188.18,20,5,2,1,0,0,0.0,8.18,0.0065,0.25,0.4,37.64,94.09,,0.0,3,False,,,,synthetic
2026-06-18,LinkedIn,C-LNK-FND,startup_operators,prospecting,Remote,seed,fintech,fundraising,enterprise_ready,1500,9,73.74,7,0,0,0,0,0,0.0,8.19,0.006,0.0,0.0,,,,0.0,3,False,,,,synthetic
2026-06-18,Meta,C-MTA-GEN,ai_founders,prospecting,Remote,pre_seed,ai_infra,generic,generic,2391,33,140.17,22,1,0,0,0,0,0.0,4.25,0.0138,0.0455,0.0,140.17,,,0.0,3,False,,,,synthetic
2026-06-18,Meta,C-MTA-AI,saas_founders,prospecting,Remote,pre_seed,ai_saas,enterprise,ai_focused,1368,16,75.65,14,2,0,0,0,0,0.0,4.73,0.0117,0.1429,0.0,37.83,,,0.0,3,False,,,,synthetic
2026-06-18,Meta,C-MTA-RET,retargeting,retargeting,Remote,seed,ai_saas,enterprise,enterprise_ready,119,4,12.22,4,0,0,0,0,0,0.0,3.06,0.0336,0.0,0.0,,,,0.0,3,False,,,,synthetic
2026-06-18,Google Search,C-GGL-RET,retargeting,retargeting,Remote,seed,ai_saas,generic,generic,316,10,49.34,9,0,0,0,0,0,0.0,4.93,0.0316,0.0,0.0,,,,0.0,3,False,,,,synthetic
2026-06-19,Google Search,C-GGL-ENT,ai_founders,prospecting,SF Bay,seed,ai_saas,enterprise,enterprise_ready,289,13,138.7,11,3,1,1,1,0,0.0,10.67,0.045,0.2727,0.3333,46.23,138.7,,0.0,4,False,ent_vs_gen_ggl,treatment,,synthetic
2026-06-19,Google Search,C-GGL-GEN,saas_founders,prospecting,Remote,pre_seed,ai_saas,generic,generic,255,17,144.54,17,6,1,0,0,0,0.0,8.5,0.0667,0.3529,0.1667,24.09,144.54,,0.0,4,False,ent_vs_gen_ggl,control,,synthetic
2026-06-19,LinkedIn,C-LNK-ENT,ai_founders,prospecting,NYC,seed,ai_saas,enterprise,enterprise_ready,2623,17,151.36,13,1,0,0,0,0,0.0,8.9,0.0065,0.0769,0.0,151.36,,,0.0,4,False,,,,synthetic
2026-06-19,LinkedIn,C-LNK-FND,startup_operators,prospecting,Remote,seed,fintech,fundraising,enterprise_ready,1167,7,59.3,5,0,0,0,0,0,0.0,8.47,0.006,0.0,0.0,,,,0.0,4,False,,,,synthetic
2026-06-19,Meta,C-MTA-GEN,ai_founders,prospecting,Remote,pre_seed,ai_infra,generic,generic,2246,31,114.91,26,4,2,0,0,0,0.0,3.71,0.0138,0.1538,0.5,28.73,57.45,,0.0,4,False,,,,synthetic
2026-06-19,Meta,C-MTA-AI,saas_founders,prospecting,Remote,pre_seed,ai_saas,enterprise,ai_focused,1282,15,66.71,10,0,0,0,0,0,0.0,4.45,0.0117,0.0,0.0,,,,0.0,4,False,,,,synthetic
2026-06-19,Meta,C-MTA-RET,retargeting,retargeting,Remote,seed,ai_saas,enterprise,enterprise_ready,119,4,12.83,4,1,1,1,0,0,0.0,3.21,0.0336,0.25,1.0,12.83,12.83,,0.0,4,False,,,,synthetic
2026-06-19,Google Search,C-GGL-RET,retargeting,retargeting,Remote,seed,ai_saas,generic,generic,285,9,52.33,8,1,1,0,0,0,0.0,5.81,0.0316,0.125,1.0,52.33,52.33,,0.0,4,False,,,,synthetic
2026-06-20,Google Search,C-GGL-ENT,ai_founders,prospecting,SF Bay,seed,ai_saas,enterprise,enterprise_ready,289,13,149.26,13,1,1,0,0,0,0.0,11.48,0.045,0.0769,1.0,149.26,149.26,,0.0,5,True,ent_vs_gen_ggl,treatment,,synthetic
2026-06-20,Google Search,C-GGL-GEN,saas_founders,prospecting,Remote,pre_seed,ai_saas,generic,generic,255,17,137.91,15,1,0,0,0,0,0.0,8.11,0.0667,0.0667,0.0,137.91,,,0.0,5,True,ent_vs_gen_ggl,control,,synthetic
2026-06-20,LinkedIn,C-LNK-ENT,ai_founders,prospecting,NYC,seed,ai_saas,enterprise,enterprise_ready,772,5,45.87,5,0,0,0,0,0,0.0,9.17,0.0065,0.0,0.0,,,,0.0,5,True,,,,synthetic
2026-06-20,LinkedIn,C-LNK-FND,startup_operators,prospecting,Remote,seed,fintech,fundraising,enterprise_ready,1167,7,50.07,6,1,1,0,0,0,0.0,7.15,0.006,0.1667,1.0,50.07,50.07,,0.0,5,True,,,,synthetic
2026-06-20,Meta,C-MTA-GEN,ai_founders,prospecting,Remote,pre_seed,ai_infra,generic,generic,942,13,53.45,11,3,1,0,0,0,0.0,4.11,0.0138,0.2727,0.3333,17.82,53.45,,0.0,5,True,,,,synthetic
2026-06-20,Meta,C-MTA-AI,saas_founders,prospecting,Remote,pre_seed,ai_saas,enterprise,ai_focused,1026,12,51.6,9,0,0,0,0,0,0.0,4.3,0.0117,0.0,0.0,,,,0.0,5,True,,,,synthetic
2026-06-20,Meta,C-MTA-RET,retargeting,retargeting,Remote,seed,ai_saas,enterprise,enterprise_ready,119,4,11.52,3,2,1,0,0,0,0.0,2.88,0.0336,0.6667,0.5,5.76,11.52,,0.0,5,True,,,,synthetic
2026-06-20,Google Search,C-GGL-RET,retargeting,retargeting,Remote,seed,ai_saas,generic,generic,253,8,48.54,7,1,1,1,0,0,0.0,6.07,0.0316,0.1429,1.0,48.54,48.54,,0.0,5,True,,,,synthetic
2026-06-21,Google Search,C-GGL-ENT,ai_founders,prospecting,SF Bay,seed,ai_saas,enterprise,enterprise_ready,311,14,153.7,12,3,1,1,0,0,0.0,10.98,0.045,0.25,0.3333,51.23,153.7,,0.0,6,True,ent_vs_gen_ggl,treatment,,synthetic
2026-06-21,Google Search,C-GGL-GEN,saas_founders,prospecting,Remote,pre_seed,ai_saas,generic,generic,255,17,155.83,15,3,0,0,0,0,0.0,9.17,0.0667,0.2,0.0,51.94,,,0.0,6,True,ent_vs_gen_ggl,control,,synthetic
2026-06-21,LinkedIn,C-LNK-ENT,ai_founders,prospecting,NYC,seed,ai_saas,enterprise,enterprise_ready,926,6,51.71,6,0,0,0,0,0,0.0,8.62,0.0065,0.0,0.0,,,,0.0,6,True,,,,synthetic
2026-06-21,LinkedIn,C-LNK-FND,startup_operators,prospecting,Remote,seed,fintech,fundraising,enterprise_ready,1000,6,51.62,6,0,0,0,0,0,0.0,8.6,0.006,0.0,0.0,,,,0.0,6,True,,,,synthetic
2026-06-21,Meta,C-MTA-GEN,ai_founders,prospecting,Remote,pre_seed,ai_infra,generic,generic,870,12,48.43,9,0,0,0,0,0,0.0,4.04,0.0138,0.0,0.0,,,,0.0,6,True,,,,synthetic
2026-06-21,Meta,C-MTA-AI,saas_founders,prospecting,Remote,pre_seed,ai_saas,enterprise,ai_focused,940,11,48.98,8,0,0,0,0,0,0.0,4.45,0.0117,0.0,0.0,,,,0.0,6,True,,,,synthetic
2026-06-21,Meta,C-MTA-RET,retargeting,retargeting,Remote,seed,ai_saas,enterprise,enterprise_ready,119,4,11.65,1,0,0,0,0,0,0.0,2.91,0.0336,0.0,0.0,,,,0.0,6,True,,,,synthetic
2026-06-21,Google Search,C-GGL-RET,retargeting,retargeting,Remote,seed,ai_saas,generic,generic,253,8,50.63,8,1,1,0,0,0,0.0,6.33,0.0316,0.125,1.0,50.63,50.63,,0.0,6,True,,,,synthetic
2026-06-22,Google Search,C-GGL-ENT,ai_founders,prospecting,SF Bay,seed,ai_saas,enterprise,enterprise_ready,533,24,275.35,17,4,2,2,1,1,4312.15,11.47,0.045,0.2353,0.5,68.84,137.68,275.35,15.6606,0,False,ent_vs_gen_ggl,treatment,,synthetic
2026-06-22,Google Search,C-GGL-GEN,saas_founders,prospecting,Remote,pre_seed,ai_saas,generic,generic,165,11,94.7,7,0,0,0,0,0,0.0,8.61,0.0667,0.0,0.0,,,,0.0,0,False,ent_vs_gen_ggl,control,,synthetic
2026-06-22,LinkedIn,C-LNK-ENT,ai_founders,prospecting,NYC,seed,ai_saas,enterprise,enterprise_ready,2623,17,146.11,16,0,0,0,0,0,0.0,8.59,0.0065,0.0,0.0,,,,0.0,0,False,,,,synthetic
2026-06-22,LinkedIn,C-LNK-FND,startup_operators,prospecting,Remote,seed,fintech,fundraising,enterprise_ready,1333,8,63.7,6,1,1,1,1,1,3720.03,7.96,0.006,0.1667,1.0,63.7,63.7,63.7,58.3992,0,False,,,,synthetic
2026-06-22,Meta,C-MTA-GEN,ai_founders,prospecting,Remote,pre_seed,ai_infra,generic,generic,1739,24,103.11,19,3,0,0,0,0,0.0,4.3,0.0138,0.1579,0.0,34.37,,,0.0,0,False,,,,synthetic
2026-06-22,Meta,C-MTA-AI,saas_founders,prospecting,Remote,pre_seed,ai_saas,enterprise,ai_focused,1111,13,58.78,10,0,0,0,0,0,0.0,4.52,0.0117,0.0,0.0,,,,0.0,0,False,,,,synthetic
2026-06-22,Meta,C-MTA-RET,retargeting,retargeting,Remote,seed,ai_saas,enterprise,enterprise_ready,119,4,12.06,4,0,0,0,0,0,0.0,3.02,0.0336,0.0,0.0,,,,0.0,0,False,,,,synthetic
2026-06-22,Google Search,C-GGL-RET,retargeting,retargeting,Remote,seed,ai_saas,generic,generic,253,8,50.86,7,4,3,2,1,0,0.0,6.36,0.0316,0.5714,0.75,12.71,16.95,,0.0,0,False,,,,synthetic
2026-06-23,Google Search,C-GGL-ENT,ai_founders,prospecting,SF Bay,seed,ai_saas,enterprise,enterprise_ready,911,41,398.78,34,4,2,2,1,0,0.0,9.73,0.045,0.1176,0.5,99.69,199.39,,0.0,1,False,ent_vs_gen_ggl,treatment,,synthetic
2026-06-23,Google Search,C-GGL-GEN,saas_founders,prospecting,Remote,pre_seed,ai_saas,generic,generic,225,15,140.06,14,0,0,0,0,0,0.0,9.34,0.0667,0.0,0.0,,,,0.0,1,False,ent_vs_gen_ggl,control,,synthetic
2026-06-23,LinkedIn,C-LNK-ENT,ai_founders,prospecting,NYC,seed,ai_saas,enterprise,enterprise_ready,2778,18,161.8,14,2,1,1,0,0,0.0,8.99,0.0065,0.1429,0.5,80.9,161.8,,0.0,1,False,,,,synthetic
2026-06-23,LinkedIn,C-LNK-FND,startup_operators,prospecting,Remote,seed,fintech,fundraising,enterprise_ready,1833,11,82.57,8,1,1,1,0,0,0.0,7.51,0.006,0.125,1.0,82.57,82.57,,0.0,1,False,,,,synthetic
2026-06-23,Meta,C-MTA-GEN,ai_founders,prospecting,Remote,pre_seed,ai_infra,generic,generic,2464,34,140.82,24,3,0,0,0,0,0.0,4.14,0.0138,0.125,0.0,46.94,,,0.0,1,False,,,,synthetic
2026-06-23,Meta,C-MTA-AI,saas_founders,prospecting,Remote,pre_seed,ai_saas,enterprise,ai_focused,1368,16,79.33,11,0,0,0,0,0,0.0,4.96,0.0117,0.0,0.0,,,,0.0,1,False,,,,synthetic
2026-06-23,Meta,C-MTA-RET,retargeting,retargeting,Remote,seed,ai_saas,enterprise,enterprise_ready,119,4,11.42,4,1,1,1,0,0,0.0,2.85,0.0336,0.25,1.0,11.42,11.42,,0.0,1,False,,,,synthetic
2026-06-23,Google Search,C-GGL-RET,retargeting,retargeting,Remote,seed,ai_saas,generic,generic,285,9,52.02,8,1,0,0,0,0,0.0,5.78,0.0316,0.125,0.0,52.02,,,0.0,1,False,,,,synthetic
2026-06-24,Google Search,C-GGL-ENT,ai_founders,prospecting,SF Bay,seed,ai_saas,enterprise,enterprise_ready,800,36,384.81,31,3,0,0,0,0,0.0,10.69,0.045,0.0968,0.0,128.27,,,0.0,2,False,ent_vs_gen_ggl,treatment,,synthetic
2026-06-24,Google Search,C-GGL-GEN,saas_founders,prospecting,Remote,pre_seed,ai_saas,generic,generic,195,13,118.73,9,2,1,1,0,0,0.0,9.13,0.0667,0.2222,0.5,59.37,118.73,,0.0,2,False,ent_vs_gen_ggl,control,,synthetic
2026-06-24,LinkedIn,C-LNK-ENT,ai_founders,prospecting,NYC,seed,ai_saas,enterprise,enterprise_ready,3395,22,193.18,17,3,3,0,0,0,0.0,8.78,0.0065,0.1765,1.0,64.39,64.39,,0.0,2,False,,,,synthetic
2026-06-24,LinkedIn,C-LNK-FND,startup_operators,prospecting,Remote,seed,fintech,fundraising,enterprise_ready,1667,10,81.68,8,0,0,0,0,0,0.0,8.17,0.006,0.0,0.0,,,,0.0,2,False,,,,synthetic
2026-06-24,Meta,C-MTA-GEN,ai_founders,prospecting,Remote,pre_seed,ai_infra,generic,generic,2536,35,151.56,25,3,0,0,0,0,0.0,4.33,0.0138,0.12,0.0,50.52,,,0.0,2,False,,,,synthetic
2026-06-24,Meta,C-MTA-AI,saas_founders,prospecting,Remote,pre_seed,ai_saas,enterprise,ai_focused,1624,19,86.19,11,2,0,0,0,0,0.0,4.54,0.0117,0.1818,0.0,43.09,,,0.0,2,False,,,,synthetic
2026-06-24,Meta,C-MTA-RET,retargeting,retargeting,Remote,seed,ai_saas,enterprise,enterprise_ready,119,4,12.97,4,1,1,1,1,0,0.0,3.24,0.0336,0.25,1.0,12.97,12.97,,0.0,2,False,,,,synthetic
2026-06-24,Google Search,C-GGL-RET,retargeting,retargeting,Remote,seed,ai_saas,generic,generic,253,8,50.79,7,0,0,0,0,0,0.0,6.35,0.0316,0.0,0.0,,,,0.0,2,False,,,,synthetic
2026-06-25,Google Search,C-GGL-ENT,ai_founders,prospecting,SF Bay,seed,ai_saas,enterprise,enterprise_ready,756,34,374.7,24,7,4,3,0,0,0.0,11.02,0.045,0.2917,0.5714,53.53,93.67,,0.0,3,False,ent_vs_gen_ggl,treatment,,synthetic
2026-06-25,Google Search,C-GGL-GEN,saas_founders,prospecting,Remote,pre_seed,ai_saas,generic,generic,210,14,122.15,11,0,0,0,0,0,0.0,8.72,0.0667,0.0,0.0,,,,0.0,3,False,ent_vs_gen_ggl,control,,synthetic
2026-06-25,LinkedIn,C-LNK-ENT,ai_founders,prospecting,NYC,seed,ai_saas,enterprise,enterprise_ready,3241,21,193.33,20,3,1,1,0,0,0.0,9.21,0.0065,0.15,0.3333,64.44,193.33,,0.0,3,False,,,,synthetic
2026-06-25,LinkedIn,C-LNK-FND,startup_operators,prospecting,Remote,seed,fintech,fundraising,enterprise_ready,1833,11,82.54,7,0,0,0,0,0,0.0,7.5,0.006,0.0,0.0,,,,0.0,3,False,,,,synthetic
2026-06-25,Meta,C-MTA-GEN,ai_founders,prospecting,Remote,pre_seed,ai_infra,generic,generic,2609,36,141.49,26,3,1,1,1,1,2540.73,3.93,0.0138,0.1154,0.3333,47.16,141.49,141.49,17.957,3,False,,,,synthetic
2026-06-25,Meta,C-MTA-AI,saas_founders,prospecting,Remote,pre_seed,ai_saas,enterprise,ai_focused,1368,16,72.53,12,0,0,0,0,0,0.0,4.53,0.0117,0.0,0.0,,,,0.0,3,False,,,,synthetic
2026-06-25,Meta,C-MTA-RET,retargeting,retargeting,Remote,seed,ai_saas,enterprise,enterprise_ready,119,4,11.9,2,1,1,1,1,0,0.0,2.98,0.0336,0.5,1.0,11.9,11.9,,0.0,3,False,,,,synthetic
2026-06-25,Google Search,C-GGL-RET,retargeting,retargeting,Remote,seed,ai_saas,generic,generic,253,8,49.35,8,3,3,1,0,0,0.0,6.17,0.0316,0.375,1.0,16.45,16.45,,0.0,3,False,,,,synthetic
2026-06-26,Google Search,C-GGL-ENT,ai_founders,prospecting,SF Bay,seed,ai_saas,enterprise,enterprise_ready,600,27,290.89,22,4,0,0,0,0,0.0,10.77,0.045,0.1818,0.0,72.72,,,0.0,4,False,ent_vs_gen_ggl,treatment,,synthetic
2026-06-26,Google Search,C-GGL-GEN,saas_founders,prospecting,Remote,pre_seed,ai_saas,generic,generic,195,13,102.5,12,1,0,0,0,0,0.0,7.88,0.0667,0.0833,0.0,102.5,,,0.0,4,False,ent_vs_gen_ggl,control,,synthetic
2026-06-26,LinkedIn,C-LNK-ENT,ai_founders,prospecting,NYC,seed,ai_saas,enterprise,enterprise_ready,2623,17,155.78,12,4,4,2,2,1,4446.8,9.16,0.0065,0.3333,1.0,38.95,38.95,155.78,28.5454,4,False,,,,synthetic
2026-06-26,LinkedIn,C-LNK-FND,startup_operators,prospecting,Remote,seed,fintech,fundraising,enterprise_ready,1333,8,65.71,6,3,0,0,0,0,0.0,8.21,0.006,0.5,0.0,21.9,,,0.0,4,False,,,,synthetic
2026-06-26,Meta,C-MTA-GEN,ai_founders,prospecting,Remote,pre_seed,ai_infra,generic,generic,1884,26,109.26,17,0,0,0,0,0,0.0,4.2,0.0138,0.0,0.0,,,,0.0,4,False,,,,synthetic
2026-06-26,Meta,C-MTA-AI,saas_founders,prospecting,Remote,pre_seed,ai_saas,enterprise,ai_focused,1111,13,59.81,8,0,0,0,0,0,0.0,4.6,0.0117,0.0,0.0,,,,0.0,4,False,,,,synthetic
2026-06-26,Meta,C-MTA-RET,retargeting,retargeting,Remote,seed,ai_saas,enterprise,enterprise_ready,119,4,11.81,4,1,1,0,0,0,0.0,2.95,0.0336,0.25,1.0,11.81,11.81,,0.0,4,False,,,,synthetic
2026-06-26,Google Search,C-GGL-RET,retargeting,retargeting,Remote,seed,ai_saas,generic,generic,253,8,49.28,5,0,0,0,0,0,0.0,6.16,0.0316,0.0,0.0,,,,0.0,4,False,,,,synthetic
2026-06-27,Google Search,C-GGL-ENT,ai_founders,prospecting,SF Bay,seed,ai_saas,enterprise,enterprise_ready,222,10,102.45,5,2,2,2,1,0,0.0,10.25,0.045,0.4,1.0,51.23,51.23,,0.0,5,True,ent_vs_gen_ggl,treatment,,synthetic
2026-06-27,Google Search,C-GGL-GEN,saas_founders,prospecting,Remote,pre_seed,ai_saas,generic,generic,75,5,45.98,3,0,0,0,0,0,0.0,9.2,0.0667,0.0,0.0,,,,0.0,5,True,ent_vs_gen_ggl,control,,synthetic
2026-06-27,LinkedIn,C-LNK-ENT,ai_founders,prospecting,NYC,seed,ai_saas,enterprise,enterprise_ready,926,6,49.5,5,0,0,0,0,0,0.0,8.25,0.0065,0.0,0.0,,,,0.0,5,True,,,,synthetic
2026-06-27,LinkedIn,C-LNK-FND,startup_operators,prospecting,Remote,seed,fintech,fundraising,enterprise_ready,1167,7,53.68,4,0,0,0,0,0,0.0,7.67,0.006,0.0,0.0,,,,0.0,5,True,,,,synthetic
2026-06-27,Meta,C-MTA-GEN,ai_founders,prospecting,Remote,pre_seed,ai_infra,generic,generic,1087,15,54.64,8,0,0,0,0,0,0.0,3.64,0.0138,0.0,0.0,,,,0.0,5,True,,,,synthetic
2026-06-27,Meta,C-MTA-AI,saas_founders,prospecting,Remote,pre_seed,ai_saas,enterprise,ai_focused,1026,12,50.43,10,0,0,0,0,0,0.0,4.2,0.0117,0.0,0.0,,,,0.0,5,True,,,,synthetic
2026-06-27,Meta,C-MTA-RET,retargeting,retargeting,Remote,seed,ai_saas,enterprise,enterprise_ready,119,4,11.71,4,2,2,1,1,1,5597.3,2.93,0.0336,0.5,1.0,5.86,5.86,11.71,477.9932,5,True,,,,synthetic
2026-06-27,Google Search,C-GGL-RET,retargeting,retargeting,Remote,seed,ai_saas,generic,generic,253,8,51.42,8,0,0,0,0,0,0.0,6.43,0.0316,0.0,0.0,,,,0.0,5,True,,,,synthetic
2026-06-28,Google Search,C-GGL-ENT,ai_founders,prospecting,SF Bay,seed,ai_saas,enterprise,enterprise_ready,178,8,92.98,7,2,1,1,0,0,0.0,11.62,0.0449,0.2857,0.5,46.49,92.98,,0.0,6,True,ent_vs_gen_ggl,treatment,,synthetic
2026-06-28,Google Search,C-GGL-GEN,saas_founders,prospecting,Remote,pre_seed,ai_saas,generic,generic,90,6,53.51,5,1,0,0,0,0,0.0,8.92,0.0667,0.2,0.0,53.51,,,0.0,6,True,ent_vs_gen_ggl,control,,synthetic
2026-06-28,LinkedIn,C-LNK-ENT,ai_founders,prospecting,NYC,seed,ai_saas,enterprise,enterprise_ready,926,6,51.89,5,0,0,0,0,0,0.0,8.65,0.0065,0.0,0.0,,,,0.0,6,True,,,,synthetic
2026-06-28,LinkedIn,C-LNK-FND,startup_operators,prospecting,Remote,seed,fintech,fundraising,enterprise_ready,1167,7,47.94,6,0,0,0,0,0,0.0,6.85,0.006,0.0,0.0,,,,0.0,6,True,,,,synthetic
2026-06-28,Meta,C-MTA-GEN,ai_founders,prospecting,Remote,pre_seed,ai_infra,generic,generic,942,13,48.61,11,2,0,0,0,0,0.0,3.74,0.0138,0.1818,0.0,24.3,,,0.0,6,True,,,,synthetic
2026-06-28,Meta,C-MTA-AI,saas_founders,prospecting,Remote,pre_seed,ai_saas,enterprise,ai_focused,940,11,48.97,8,0,0,0,0,0,0.0,4.45,0.0117,0.0,0.0,,,,0.0,6,True,,,,synthetic
2026-06-28,Meta,C-MTA-RET,retargeting,retargeting,Remote,seed,ai_saas,enterprise,enterprise_ready,119,4,11.82,4,1,0,0,0,0,0.0,2.96,0.0336,0.25,0.0,11.82,,,0.0,6,True,,,,synthetic
2026-06-28,Google Search,C-GGL-RET,retargeting,retargeting,Remote,seed,ai_saas,generic,generic,253,8,49.23,7,3,2,1,1,0,0.0,6.15,0.0316,0.4286,0.6667,16.41,24.61,,0.0,6,True,,,,synthetic
2026-06-29,Google Search,C-GGL-ENT,ai_founders,prospecting,SF Bay,seed,ai_saas,enterprise,enterprise_ready,578,26,268.15,19,1,0,0,0,0,0.0,10.31,0.045,0.0526,0.0,268.15,,,0.0,0,False,ent_vs_gen_ggl,treatment,,synthetic
2026-06-29,Google Search,C-GGL-GEN,saas_founders,prospecting,Remote,pre_seed,ai_saas,generic,generic,150,10,85.0,9,0,0,0,0,0,0.0,8.5,0.0667,0.0,0.0,,,,0.0,0,False,ent_vs_gen_ggl,control,,synthetic
2026-06-29,LinkedIn,C-LNK-ENT,ai_founders,prospecting,NYC,seed,ai_saas,enterprise,enterprise_ready,2160,14,137.54,12,1,0,0,0,0,0.0,9.82,0.0065,0.0833,0.0,137.54,,,0.0,0,False,,,,synthetic
2026-06-29,LinkedIn,C-LNK-FND,startup_operators,prospecting,Remote,seed,fintech,fundraising,enterprise_ready,1333,8,61.76,7,0,0,0,0,0,0.0,7.72,0.006,0.0,0.0,,,,0.0,0,False,,,,synthetic
2026-06-29,Meta,C-MTA-GEN,ai_founders,prospecting,Remote,pre_seed,ai_infra,generic,generic,2029,28,109.18,24,3,1,0,0,0,0.0,3.9,0.0138,0.125,0.3333,36.39,109.18,,0.0,0,False,,,,synthetic
2026-06-29,Meta,C-MTA-AI,saas_founders,prospecting,Remote,pre_seed,ai_saas,enterprise,ai_focused,1260,14,59.72,9,0,0,0,0,0,0.0,4.27,0.0111,0.0,0.0,,,,0.0,0,False,,,,synthetic
2026-06-29,Meta,C-MTA-RET,retargeting,retargeting,Remote,seed,ai_saas,enterprise,enterprise_ready,119,4,12.87,4,1,1,1,0,0,0.0,3.22,0.0336,0.25,1.0,12.87,12.87,,0.0,0,False,,,,synthetic
2026-06-29,Google Search,C-GGL-RET,retargeting,retargeting,Remote,seed,ai_saas,generic,generic,253,8,48.63,7,1,1,0,0,0,0.0,6.08,0.0316,0.1429,1.0,48.63,48.63,,0.0,0,False,,,,synthetic
2026-06-30,Google Search,C-GGL-ENT,ai_founders,prospecting,SF Bay,seed,ai_saas,enterprise,enterprise_ready,689,31,366.86,23,6,6,4,3,2,9177.41,11.83,0.045,0.2609,1.0,61.14,61.14,183.43,25.0161,1,False,ent_vs_gen_ggl,treatment,,synthetic
2026-06-30,Google Search,C-GGL-GEN,saas_founders,prospecting,Remote,pre_seed,ai_saas,generic,generic,210,14,127.34,14,2,1,0,0,0,0.0,9.1,0.0667,0.1429,0.5,63.67,127.34,,0.0,1,False,ent_vs_gen_ggl,control,,synthetic
2026-06-30,LinkedIn,C-LNK-ENT,ai_founders,prospecting,NYC,seed,ai_saas,enterprise,enterprise_ready,3549,23,196.07,20,1,0,0,0,0,0.0,8.52,0.0065,0.05,0.0,196.07,,,0.0,1,False,,,,synthetic
2026-06-30,LinkedIn,C-LNK-FND,startup_operators,prospecting,Remote,seed,fintech,fundraising,enterprise_ready,1500,9,77.91,5,0,0,0,0,0,0.0,8.66,0.006,0.0,0.0,,,,0.0,1,False,,,,synthetic
2026-06-30,Meta,C-MTA-GEN,ai_founders,prospecting,Remote,pre_seed,ai_infra,generic,generic,2319,32,137.52,21,2,0,0,0,0,0.0,4.3,0.0138,0.0952,0.0,68.76,,,0.0,1,False,,,,synthetic
2026-06-30,Meta,C-MTA-AI,saas_founders,prospecting,Remote,pre_seed,ai_saas,enterprise,ai_focused,1709,19,79.26,17,3,1,1,0,0,0.0,4.17,0.0111,0.1765,0.3333,26.42,79.26,,0.0,1,False,,,,synthetic
2026-06-30,Meta,C-MTA-RET,retargeting,retargeting,Remote,seed,ai_saas,enterprise,enterprise_ready,119,4,12.56,4,2,2,1,0,0,0.0,3.14,0.0336,0.5,1.0,6.28,6.28,,0.0,1,False,,,,synthetic
2026-06-30,Google Search,C-GGL-RET,retargeting,retargeting,Remote,seed,ai_saas,generic,generic,285,9,51.35,9,1,1,0,0,0,0.0,5.71,0.0316,0.1111,1.0,51.35,51.35,,0.0,1,False,,,,synthetic
2026-07-01,Google Search,C-GGL-ENT,ai_founders,prospecting,SF Bay,seed,ai_saas,enterprise,enterprise_ready,800,36,399.55,26,3,0,0,0,0,0.0,11.1,0.045,0.1154,0.0,133.18,,,0.0,2,False,ent_vs_gen_ggl,treatment,,synthetic
2026-07-01,Google Search,C-GGL-GEN,saas_founders,prospecting,Remote,pre_seed,ai_saas,generic,generic,195,13,113.49,11,1,1,0,0,0,0.0,8.73,0.0667,0.0909,1.0,113.49,113.49,,0.0,2,False,ent_vs_gen_ggl,control,,synthetic
2026-07-01,LinkedIn,C-LNK-ENT,ai_founders,prospecting,NYC,seed,ai_saas,enterprise,enterprise_ready,3241,21,167.81,18,1,1,1,1,1,4472.76,7.99,0.0065,0.0556,1.0,167.81,167.81,167.81,26.6537,2,False,,,,synthetic
2026-07-01,LinkedIn,C-LNK-FND,startup_operators,prospecting,Remote,seed,fintech,fundraising,enterprise_ready,1667,10,82.28,8,2,2,1,1,0,0.0,8.23,0.006,0.25,1.0,41.14,41.14,,0.0,2,False,,,,synthetic
2026-07-01,Meta,C-MTA-GEN,ai_founders,prospecting,Remote,pre_seed,ai_infra,generic,generic,2464,34,134.65,27,2,1,1,1,0,0.0,3.96,0.0138,0.0741,0.5,67.33,134.65,,0.0,2,False,,,,synthetic
2026-07-01,Meta,C-MTA-AI,saas_founders,prospecting,Remote,pre_seed,ai_saas,enterprise,ai_focused,1619,18,81.79,10,0,0,0,0,0,0.0,4.54,0.0111,0.0,0.0,,,,0.0,2,False,,,,synthetic
2026-07-01,Meta,C-MTA-RET,retargeting,retargeting,Remote,seed,ai_saas,enterprise,enterprise_ready,119,4,12.26,4,0,0,0,0,0,0.0,3.06,0.0336,0.0,0.0,,,,0.0,2,False,,,,synthetic
2026-07-01,Google Search,C-GGL-RET,retargeting,retargeting,Remote,seed,ai_saas,generic,generic,253,8,51.31,6,2,0,0,0,0,0.0,6.41,0.0316,0.3333,0.0,25.66,,,0.0,2,False,,,,synthetic
2026-07-02,Google Search,C-GGL-ENT,ai_founders,prospecting,SF Bay,seed,ai_saas,enterprise,enterprise_ready,733,33,386.24,27,5,3,3,2,2,8158.43,11.7,0.045,0.1852,0.6,77.25,128.75,193.12,21.1227,3,False,ent_vs_gen_ggl,treatment,,synthetic
2026-07-02,Google Search,C-GGL-GEN,saas_founders,prospecting,Remote,pre_seed,ai_saas,generic,generic,225,15,128.78,12,2,1,1,0,0,0.0,8.59,0.0667,0.1667,0.5,64.39,128.78,,0.0,3,False,ent_vs_gen_ggl,control,,synthetic
2026-07-02,LinkedIn,C-LNK-ENT,ai_founders,prospecting,NYC,seed,ai_saas,enterprise,enterprise_ready,2778,18,163.37,14,2,2,1,1,0,0.0,9.08,0.0065,0.1429,1.0,81.69,81.69,,0.0,3,False,,,,synthetic
2026-07-02,LinkedIn,C-LNK-FND,startup_operators,prospecting,Remote,seed,fintech,fundraising,enterprise_ready,1667,10,79.51,9,2,0,0,0,0,0.0,7.95,0.006,0.2222,0.0,39.76,,,0.0,3,False,,,,synthetic
2026-07-02,Meta,C-MTA-GEN,ai_founders,prospecting,Remote,pre_seed,ai_infra,generic,generic,2246,31,139.6,25,3,0,0,0,0,0.0,4.5,0.0138,0.12,0.0,46.53,,,0.0,3,False,,,,synthetic
2026-07-02,Meta,C-MTA-AI,saas_founders,prospecting,Remote,pre_seed,ai_saas,enterprise,ai_focused,1439,16,73.23,10,0,0,0,0,0,0.0,4.58,0.0111,0.0,0.0,,,,0.0,3,False,,,,synthetic
2026-07-02,Meta,C-MTA-RET,retargeting,retargeting,Remote,seed,ai_saas,enterprise,enterprise_ready,119,4,11.1,3,0,0,0,0,0,0.0,2.77,0.0336,0.0,0.0,,,,0.0,3,False,,,,synthetic
2026-07-02,Google Search,C-GGL-RET,retargeting,retargeting,Remote,seed,ai_saas,generic,generic,253,8,50.86,7,2,2,0,0,0,0.0,6.36,0.0316,0.2857,1.0,25.43,25.43,,0.0,3,False,,,,synthetic
2026-07-03,Google Search,C-GGL-ENT,ai_founders,prospecting,SF Bay,seed,ai_saas,enterprise,enterprise_ready,578,26,306.49,23,3,2,2,1,1,4546.77,11.79,0.045,0.1304,0.6667,102.16,153.25,306.49,14.835,4,False,ent_vs_gen_ggl,treatment,,synthetic
2026-07-03,Google Search,C-GGL-GEN,saas_founders,prospecting,Remote,pre_seed,ai_saas,generic,generic,165,11,87.88,8,2,0,0,0,0,0.0,7.99,0.0667,0.25,0.0,43.94,,,0.0,4,False,ent_vs_gen_ggl,control,,synthetic
2026-07-03,LinkedIn,C-LNK-ENT,ai_founders,prospecting,NYC,seed,ai_saas,enterprise,enterprise_ready,2160,14,141.77,12,0,0,0,0,0,0.0,10.13,0.0065,0.0,0.0,,,,0.0,4,False,,,,synthetic
2026-07-03,LinkedIn,C-LNK-FND,startup_operators,prospecting,Remote,seed,fintech,fundraising,enterprise_ready,1333,8,64.82,6,0,0,0,0,0,0.0,8.1,0.006,0.0,0.0,,,,0.0,4,False,,,,synthetic
2026-07-03,Meta,C-MTA-GEN,ai_founders,prospecting,Remote,pre_seed,ai_infra,generic,generic,2029,28,114.11,24,5,2,0,0,0,0.0,4.08,0.0138,0.2083,0.4,22.82,57.05,,0.0,4,False,,,,synthetic
2026-07-03,Meta,C-MTA-AI,saas_founders,prospecting,Remote,pre_seed,ai_saas,enterprise,ai_focused,1350,15,64.45,9,2,0,0,0,0,0.0,4.3,0.0111,0.2222,0.0,32.23,,,0.0,4,False,,,,synthetic
2026-07-03,Meta,C-MTA-RET,retargeting,retargeting,Remote,seed,ai_saas,enterprise,enterprise_ready,119,4,12.7,4,0,0,0,0,0,0.0,3.17,0.0336,0.0,0.0,,,,0.0,4,False,,,,synthetic
2026-07-03,Google Search,C-GGL-RET,retargeting,retargeting,Remote,seed,ai_saas,generic,generic,253,8,48.7,6,1,0,0,0,0,0.0,6.09,0.0316,0.1667,0.0,48.7,,,0.0,4,False,,,,synthetic
2026-07-04,Google Search,C-GGL-ENT,ai_founders,prospecting,SF Bay,seed,ai_saas,enterprise,enterprise_ready,200,9,99.8,7,2,1,1,0,0,0.0,11.09,0.045,0.2857,0.5,49.9,99.8,,0.0,5,True,ent_vs_gen_ggl,treatment,,synthetic
2026-07-04,Google Search,C-GGL-GEN,saas_founders,prospecting,Remote,pre_seed,ai_saas,generic,generic,90,6,51.78,6,0,0,0,0,0,0.0,8.63,0.0667,0.0,0.0,,,,0.0,5,True,ent_vs_gen_ggl,control,,synthetic
2026-07-04,LinkedIn,C-LNK-ENT,ai_founders,prospecting,NYC,seed,ai_saas,enterprise,enterprise_ready,772,5,46.78,3,0,0,0,0,0,0.0,9.36,0.0065,0.0,0.0,,,,0.0,5,True,,,,synthetic
2026-07-04,LinkedIn,C-LNK-FND,startup_operators,prospecting,Remote,seed,fintech,fundraising,enterprise_ready,1000,6,50.43,4,1,1,1,0,0,0.0,8.4,0.006,0.25,1.0,50.43,50.43,,0.0,5,True,,,,synthetic
2026-07-04,Meta,C-MTA-GEN,ai_founders,prospecting,Remote,pre_seed,ai_infra,generic,generic,942,13,58.23,10,0,0,0,0,0,0.0,4.48,0.0138,0.0,0.0,,,,0.0,5,True,,,,synthetic
2026-07-04,Meta,C-MTA-AI,saas_founders,prospecting,Remote,pre_seed,ai_saas,enterprise,ai_focused,990,11,48.22,10,0,0,0,0,0,0.0,4.38,0.0111,0.0,0.0,,,,0.0,5,True,,,,synthetic
2026-07-04,Meta,C-MTA-RET,retargeting,retargeting,Remote,seed,ai_saas,enterprise,enterprise_ready,119,4,12.58,4,1,1,0,0,0,0.0,3.15,0.0336,0.25,1.0,12.58,12.58,,0.0,5,True,,,,synthetic
2026-07-04,Google Search,C-GGL-RET,retargeting,retargeting,Remote,seed,ai_saas,generic,generic,285,9,50.99,8,2,0,0,0,0,0.0,5.67,0.0316,0.25,0.0,25.5,,,0.0,5,True,,,,synthetic
2026-07-05,Google Search,C-GGL-ENT,ai_founders,prospecting,SF Bay,seed,ai_saas,enterprise,enterprise_ready,178,8,83.86,6,0,0,0,0,0,0.0,10.48,0.0449,0.0,0.0,,,,0.0,6,True,ent_vs_gen_ggl,treatment,,synthetic
2026-07-05,Google Search,C-GGL-GEN,saas_founders,prospecting,Remote,pre_seed,ai_saas,generic,generic,90,6,48.96,5,1,1,0,0,0,0.0,8.16,0.0667,0.2,1.0,48.96,48.96,,0.0,6,True,ent_vs_gen_ggl,control,,synthetic
2026-07-05,LinkedIn,C-LNK-ENT,ai_founders,prospecting,NYC,seed,ai_saas,enterprise,enterprise_ready,926,6,49.81,6,0,0,0,0,0,0.0,8.3,0.0065,0.0,0.0,,,,0.0,6,True,,,,synthetic
2026-07-05,LinkedIn,C-LNK-FND,startup_operators,prospecting,Remote,seed,fintech,fundraising,enterprise_ready,1000,6,47.49,5,0,0,0,0,0,0.0,7.92,0.006,0.0,0.0,,,,0.0,6,True,,,,synthetic
2026-07-05,Meta,C-MTA-GEN,ai_founders,prospecting,Remote,pre_seed,ai_infra,generic,generic,870,12,48.18,10,1,0,0,0,0,0.0,4.01,0.0138,0.1,0.0,48.18,,,0.0,6,True,,,,synthetic
2026-07-05,Meta,C-MTA-AI,saas_founders,prospecting,Remote,pre_seed,ai_saas,enterprise,ai_focused,990,11,50.97,8,1,1,1,0,0,0.0,4.63,0.0111,0.125,1.0,50.97,50.97,,0.0,6,True,,,,synthetic
2026-07-05,Meta,C-MTA-RET,retargeting,retargeting,Remote,seed,ai_saas,enterprise,enterprise_ready,119,4,12.17,4,3,0,0,0,0,0.0,3.04,0.0336,0.75,0.0,4.06,,,0.0,6,True,,,,synthetic
2026-07-05,Google Search,C-GGL-RET,retargeting,retargeting,Remote,seed,ai_saas,generic,generic,285,9,48.77,6,0,0,0,0,0,0.0,5.42,0.0316,0.0,0.0,,,,0.0,6,True,,,,synthetic
2026-07-06,Google Search,C-GGL-ENT,ai_founders,prospecting,SF Bay,seed,ai_saas,enterprise,enterprise_ready,556,25,287.54,20,7,6,3,2,0,0.0,11.5,0.045,0.35,0.8571,41.08,47.92,,0.0,0,False,ent_vs_gen_ggl,treatment,,synthetic
2026-07-06,Google Search,C-GGL-GEN,saas_founders,prospecting,Remote,pre_seed,ai_saas,generic,generic,165,11,97.32,9,2,0,0,0,0,0.0,8.85,0.0667,0.2222,0.0,48.66,,,0.0,0,False,ent_vs_gen_ggl,control,,synthetic
2026-07-06,LinkedIn,C-LNK-ENT,ai_founders,prospecting,NYC,seed,ai_saas,enterprise,enterprise_ready,2315,15,131.94,13,0,0,0,0,0,0.0,8.8,0.0065,0.0,0.0,,,,0.0,0,False,,,,synthetic
2026-07-06,LinkedIn,C-LNK-FND,startup_operators,prospecting,Remote,seed,fintech,fundraising,enterprise_ready,1333,8,57.88,5,0,0,0,0,0,0.0,7.24,0.006,0.0,0.0,,,,0.0,0,False,,,,synthetic
2026-07-06,Meta,C-MTA-GEN,ai_founders,prospecting,Remote,pre_seed,ai_infra,generic,generic,2101,29,113.06,22,2,0,0,0,0,0.0,3.9,0.0138,0.0909,0.0,56.53,,,0.0,0,False,,,,synthetic
2026-07-06,Meta,C-MTA-AI,saas_founders,prospecting,Remote,pre_seed,ai_saas,enterprise,ai_focused,1231,13,58.41,8,0,0,0,0,0,0.0,4.49,0.0106,0.0,0.0,,,,0.0,0,False,,,,synthetic
2026-07-06,Meta,C-MTA-RET,retargeting,retargeting,Remote,seed,ai_saas,enterprise,enterprise_ready,119,4,11.43,4,2,1,1,1,1,4609.1,2.86,0.0336,0.5,0.5,5.71,11.43,11.43,403.2458,0,False,,,,synthetic
2026-07-06,Google Search,C-GGL-RET,retargeting,retargeting,Remote,seed,ai_saas,generic,generic,253,8,50.67,7,2,1,1,0,0,0.0,6.33,0.0316,0.2857,0.5,25.34,50.67,,0.0,0,False,,,,synthetic
2026-07-07,Google Search,C-GGL-ENT,ai_founders,prospecting,SF Bay,seed,ai_saas,enterprise,enterprise_ready,800,36,429.12,30,2,1,1,0,0,0.0,11.92,0.045,0.0667,0.5,214.56,429.12,,0.0,1,False,ent_vs_gen_ggl,treatment,,synthetic
2026-07-07,Google Search,C-GGL-GEN,saas_founders,prospecting,Remote,pre_seed,ai_saas,generic,generic,225,15,122.11,11,3,1,0,0,0,0.0,8.14,0.0667,0.2727,0.3333,40.7,122.11,,0.0,1,False,ent_vs_gen_ggl,control,,synthetic
2026-07-07,LinkedIn,C-LNK-ENT,ai_founders,prospecting,NYC,seed,ai_saas,enterprise,enterprise_ready,3241,21,169.79,19,1,1,1,0,0,0.0,8.09,0.0065,0.0526,1.0,169.79,169.79,,0.0,1,False,,,,synthetic
2026-07-07,LinkedIn,C-LNK-FND,startup_operators,prospecting,Remote,seed,fintech,fundraising,enterprise_ready,1500,9,76.38,5,0,0,0,0,0,0.0,8.49,0.006,0.0,0.0,,,,0.0,1,False,,,,synthetic
2026-07-07,Meta,C-MTA-GEN,ai_founders,prospecting,Remote,pre_seed,ai_infra,generic,generic,2319,32,129.09,23,6,2,1,0,0,0.0,4.03,0.0138,0.2609,0.3333,21.52,64.55,,0.0,1,False,,,,synthetic
2026-07-07,Meta,C-MTA-AI,saas_founders,prospecting,Remote,pre_seed,ai_saas,enterprise,ai_focused,1231,13,62.41,9,0,0,0,0,0,0.0,4.8,0.0106,0.0,0.0,,,,0.0,1,False,,,,synthetic
2026-07-07,Meta,C-MTA-RET,retargeting,retargeting,Remote,seed,ai_saas,enterprise,enterprise_ready,119,4,11.2,4,1,0,0,0,0,0.0,2.8,0.0336,0.25,0.0,11.2,,,0.0,1,False,,,,synthetic
2026-07-07,Google Search,C-GGL-RET,retargeting,retargeting,Remote,seed,ai_saas,generic,generic,285,9,51.37,6,2,1,0,0,0,0.0,5.71,0.0316,0.3333,0.5,25.68,51.37,,0.0,1,False,,,,synthetic
2026-07-08,Google Search,C-GGL-ENT,ai_founders,prospecting,SF Bay,seed,ai_saas,enterprise,enterprise_ready,822,37,393.93,27,3,2,2,2,0,0.0,10.65,0.045,0.1111,0.6667,131.31,196.97,,0.0,2,False,ent_vs_gen_ggl,treatment,,synthetic
2026-07-08,Google Search,C-GGL-GEN,saas_founders,prospecting,Remote,pre_seed,ai_saas,generic,generic,210,14,120.94,10,4,0,0,0,0,0.0,8.64,0.0667,0.4,0.0,30.23,,,0.0,2,False,ent_vs_gen_ggl,control,,synthetic
2026-07-08,LinkedIn,C-LNK-ENT,ai_founders,prospecting,NYC,seed,ai_saas,enterprise,enterprise_ready,3241,21,181.66,19,2,1,1,0,0,0.0,8.65,0.0065,0.1053,0.5,90.83,181.66,,0.0,2,False,,,,synthetic
2026-07-08,LinkedIn,C-LNK-FND,startup_operators,prospecting,Remote,seed,fintech,fundraising,enterprise_ready,1833,11,84.07,9,2,1,1,1,0,0.0,7.64,0.006,0.2222,0.5,42.03,84.07,,0.0,2,False,,,,synthetic
2026-07-08,Meta,C-MTA-GEN,ai_founders,prospecting,Remote,pre_seed,ai_infra,generic,generic,2681,37,143.55,33,3,0,0,0,0,0.0,3.88,0.0138,0.0909,0.0,47.85,,,0.0,2,False,,,,synthetic
2026-07-08,Meta,C-MTA-AI,saas_founders,prospecting,Remote,pre_seed,ai_saas,enterprise,ai_focused,1799,19,85.08,15,0,0,0,0,0,0.0,4.48,0.0106,0.0,0.0,,,,0.0,2,False,,,,synthetic
2026-07-08,Meta,C-MTA-RET,retargeting,retargeting,Remote,seed,ai_saas,enterprise,enterprise_ready,119,4,12.55,4,0,0,0,0,0,0.0,3.14,0.0336,0.0,0.0,,,,0.0,2,False,,,,synthetic
2026-07-08,Google Search,C-GGL-RET,retargeting,retargeting,Remote,seed,ai_saas,generic,generic,253,8,48.97,6,1,0,0,0,0,0.0,6.12,0.0316,0.1667,0.0,48.97,,,0.0,2,False,,,,synthetic
2026-07-09,Google Search,C-GGL-ENT,ai_founders,prospecting,SF Bay,seed,ai_saas,enterprise,enterprise_ready,756,34,382.07,28,4,1,0,0,0,0.0,11.24,0.045,0.1429,0.25,95.52,382.07,,0.0,3,False,ent_vs_gen_ggl,treatment,,synthetic
2026-07-09,Google Search,C-GGL-GEN,saas_founders,prospecting,Remote,pre_seed,ai_saas,generic,generic,210,14,126.18,10,1,1,0,0,0,0.0,9.01,0.0667,0.1,1.0,126.18,126.18,,0.0,3,False,ent_vs_gen_ggl,control,,synthetic
2026-07-09,LinkedIn,C-LNK-ENT,ai_founders,prospecting,NYC,seed,ai_saas,enterprise,enterprise_ready,3549,23,203.72,18,2,2,2,2,0,0.0,8.86,0.0065,0.1111,1.0,101.86,101.86,,0.0,3,False,,,,synthetic
2026-07-09,LinkedIn,C-LNK-FND,startup_operators,prospecting,Remote,seed,fintech,fundraising,enterprise_ready,1667,10,83.07,8,3,2,2,0,0,0.0,8.31,0.006,0.375,0.6667,27.69,41.53,,0.0,3,False,,,,synthetic
2026-07-09,Meta,C-MTA-GEN,ai_founders,prospecting,Remote,pre_seed,ai_infra,generic,generic,2536,35,140.77,30,3,2,0,0,0,0.0,4.02,0.0138,0.1,0.6667,46.92,70.39,,0.0,3,False,,,,synthetic
2026-07-09,Meta,C-MTA-AI,saas_founders,prospecting,Remote,pre_seed,ai_saas,enterprise,ai_focused,1610,17,76.76,10,0,0,0,0,0,0.0,4.52,0.0106,0.0,0.0,,,,0.0,3,False,,,,synthetic
2026-07-09,Meta,C-MTA-RET,retargeting,retargeting,Remote,seed,ai_saas,enterprise,enterprise_ready,119,4,12.21,4,3,3,3,3,1,5030.0,3.05,0.0336,0.75,1.0,4.07,4.07,12.21,411.9574,3,False,,,,synthetic
2026-07-09,Google Search,C-GGL-RET,retargeting,retargeting,Remote,seed,ai_saas,generic,generic,253,8,50.97,7,1,1,0,0,0,0.0,6.37,0.0316,0.1429,1.0,50.97,50.97,,0.0,3,False,,,,synthetic
2026-07-10,Google Search,C-GGL-ENT,ai_founders,prospecting,SF Bay,seed,ai_saas,enterprise,enterprise_ready,644,29,300.43,20,3,1,0,0,0,0.0,10.36,0.045,0.15,0.3333,100.14,300.43,,0.0,4,False,ent_vs_gen_ggl,treatment,,synthetic
2026-07-10,Google Search,C-GGL-GEN,saas_founders,prospecting,Remote,pre_seed,ai_saas,generic,generic,195,13,104.93,12,1,1,0,0,0,0.0,8.07,0.0667,0.0833,1.0,104.93,104.93,,0.0,4,False,ent_vs_gen_ggl,control,,synthetic
2026-07-10,LinkedIn,C-LNK-ENT,ai_founders,prospecting,NYC,seed,ai_saas,enterprise,enterprise_ready,2778,18,148.36,13,2,0,0,0,0,0.0,8.24,0.0065,0.1538,0.0,74.18,,,0.0,4,False,,,,synthetic
2026-07-10,LinkedIn,C-LNK-FND,startup_operators,prospecting,Remote,seed,fintech,fundraising,enterprise_ready,1333,8,65.67,6,0,0,0,0,0,0.0,8.21,0.006,0.0,0.0,,,,0.0,4,False,,,,synthetic
2026-07-10,Meta,C-MTA-GEN,ai_founders,prospecting,Remote,pre_seed,ai_infra,generic,generic,2029,28,115.77,23,0,0,0,0,0,0.0,4.13,0.0138,0.0,0.0,,,,0.0,4,False,,,,synthetic
2026-07-10,Meta,C-MTA-AI,saas_founders,prospecting,Remote,pre_seed,ai_saas,enterprise,ai_focused,1136,12,53.66,11,0,0,0,0,0,0.0,4.47,0.0106,0.0,0.0,,,,0.0,4,False,,,,synthetic
2026-07-10,Meta,C-MTA-RET,retargeting,retargeting,Remote,seed,ai_saas,enterprise,enterprise_ready,119,4,12.12,4,0,0,0,0,0,0.0,3.03,0.0336,0.0,0.0,,,,0.0,4,False,,,,synthetic
2026-07-10,Google Search,C-GGL-RET,retargeting,retargeting,Remote,seed,ai_saas,generic,generic,285,9,51.47,7,4,1,0,0,0,0.0,5.72,0.0316,0.5714,0.25,12.87,51.47,,0.0,4,False,,,,synthetic
2026-07-11,Google Search,C-GGL-ENT,ai_founders,prospecting,SF Bay,seed,ai_saas,enterprise,enterprise_ready,178,8,91.1,5,2,2,2,1,1,5080.91,11.39,0.0449,0.4,1.0,45.55,45.55,91.1,55.7729,5,True,ent_vs_gen_ggl,treatment,,synthetic
2026-07-11,Google Search,C-GGL-GEN,saas_founders,prospecting,Remote,pre_seed,ai_saas,generic,generic,90,6,46.92,2,1,0,0,0,0,0.0,7.82,0.0667,0.5,0.0,46.92,,,0.0,5,True,ent_vs_gen_ggl,control,,synthetic
2026-07-11,LinkedIn,C-LNK-ENT,ai_founders,prospecting,NYC,seed,ai_saas,enterprise,enterprise_ready,926,6,53.61,4,0,0,0,0,0,0.0,8.94,0.0065,0.0,0.0,,,,0.0,5,True,,,,synthetic
2026-07-11,LinkedIn,C-LNK-FND,startup_operators,prospecting,Remote,seed,fintech,fundraising,enterprise_ready,1000,6,48.84,5,0,0,0,0,0,0.0,8.14,0.006,0.0,0.0,,,,0.0,5,True,,,,synthetic
2026-07-11,Meta,C-MTA-GEN,ai_founders,prospecting,Remote,pre_seed,ai_infra,generic,generic,1014,14,57.77,11,3,0,0,0,0,0.0,4.13,0.0138,0.2727,0.0,19.26,,,0.0,5,True,,,,synthetic
2026-07-11,Meta,C-MTA-AI,saas_founders,prospecting,Remote,pre_seed,ai_saas,enterprise,ai_focused,1042,11,51.23,8,0,0,0,0,0,0.0,4.66,0.0106,0.0,0.0,,,,0.0,5,True,,,,synthetic
2026-07-11,Meta,C-MTA-RET,retargeting,retargeting,Remote,seed,ai_saas,enterprise,enterprise_ready,119,4,12.2,4,1,1,0,0,0,0.0,3.05,0.0336,0.25,1.0,12.2,12.2,,0.0,5,True,,,,synthetic
2026-07-11,Google Search,C-GGL-RET,retargeting,retargeting,Remote,seed,ai_saas,generic,generic,253,8,47.64,5,2,2,1,0,0,0.0,5.96,0.0316,0.4,1.0,23.82,23.82,,0.0,5,True,,,,synthetic
2026-07-12,Google Search,C-GGL-ENT,ai_founders,prospecting,SF Bay,seed,ai_saas,enterprise,enterprise_ready,178,8,88.59,4,0,0,0,0,0,0.0,11.07,0.0449,0.0,0.0,,,,0.0,6,True,ent_vs_gen_ggl,treatment,,synthetic
2026-07-12,Google Search,C-GGL-GEN,saas_founders,prospecting,Remote,pre_seed,ai_saas,generic,generic,90,6,49.8,5,1,0,0,0,0,0.0,8.3,0.0667,0.2,0.0,49.8,,,0.0,6,True,ent_vs_gen_ggl,control,,synthetic
2026-07-12,LinkedIn,C-LNK-ENT,ai_founders,prospecting,NYC,seed,ai_saas,enterprise,enterprise_ready,772,5,46.97,5,2,1,1,0,0,0.0,9.39,0.0065,0.4,0.5,23.48,46.97,,0.0,6,True,,,,synthetic
2026-07-12,LinkedIn,C-LNK-FND,startup_operators,prospecting,Remote,seed,fintech,fundraising,enterprise_ready,1000,6,46.53,6,0,0,0,0,0,0.0,7.75,0.006,0.0,0.0,,,,0.0,6,True,,,,synthetic
2026-07-12,Meta,C-MTA-GEN,ai_founders,prospecting,Remote,pre_seed,ai_infra,generic,generic,870,12,49.79,11,0,0,0,0,0,0.0,4.15,0.0138,0.0,0.0,,,,0.0,6,True,,,,synthetic
2026-07-12,Meta,C-MTA-AI,saas_founders,prospecting,Remote,pre_seed,ai_saas,enterprise,ai_focused,1042,11,48.31,9,0,0,0,0,0,0.0,4.39,0.0106,0.0,0.0,,,,0.0,6,True,,,,synthetic
2026-07-12,Meta,C-MTA-RET,retargeting,retargeting,Remote,seed,ai_saas,enterprise,enterprise_ready,119,4,12.29,4,1,1,1,0,0,0.0,3.07,0.0336,0.25,1.0,12.29,12.29,,0.0,6,True,,,,synthetic
2026-07-12,Google Search,C-GGL-RET,retargeting,retargeting,Remote,seed,ai_saas,generic,generic,285,9,49.54,6,2,0,0,0,0,0.0,5.5,0.0316,0.3333,0.0,24.77,,,0.0,6,True,,,,synthetic
2026-07-13,Google Search,C-GGL-ENT,ai_founders,prospecting,SF Bay,seed,ai_saas,enterprise,enterprise_ready,533,24,294.46,19,2,0,0,0,0,0.0,12.27,0.045,0.1053,0.0,147.23,,,0.0,0,False,ent_vs_gen_ggl,treatment,,synthetic
2026-07-13,Google Search,C-GGL-GEN,saas_founders,prospecting,Remote,pre_seed,ai_saas,generic,generic,165,11,95.58,10,1,0,0,0,0,0.0,8.69,0.0667,0.1,0.0,95.58,,,0.0,0,False,ent_vs_gen_ggl,control,,synthetic
2026-07-13,LinkedIn,C-LNK-ENT,ai_founders,prospecting,NYC,seed,ai_saas,enterprise,enterprise_ready,2469,16,141.25,11,1,1,0,0,0,0.0,8.83,0.0065,0.0909,1.0,141.25,141.25,,0.0,0,False,,,,synthetic
2026-07-13,LinkedIn,C-LNK-FND,startup_operators,prospecting,Remote,seed,fintech,fundraising,enterprise_ready,1167,7,57.69,7,0,0,0,0,0,0.0,8.24,0.006,0.0,0.0,,,,0.0,0,False,,,,synthetic
2026-07-13,Meta,C-MTA-GEN,ai_founders,prospecting,Remote,pre_seed,ai_infra,generic,generic,1957,27,115.9,24,3,0,0,0,0,0.0,4.29,0.0138,0.125,0.0,38.63,,,0.0,0,False,,,,synthetic
2026-07-13,Meta,C-MTA-AI,saas_founders,prospecting,Remote,pre_seed,ai_saas,enterprise,ai_focused,1396,14,61.45,8,1,0,0,0,0,0.0,4.39,0.01,0.125,0.0,61.45,,,0.0,0,False,,,,synthetic
2026-07-13,Meta,C-MTA-RET,retargeting,retargeting,Remote,seed,ai_saas,enterprise,enterprise_ready,119,4,11.43,4,1,1,0,0,0,0.0,2.86,0.0336,0.25,1.0,11.43,11.43,,0.0,0,False,,,,synthetic
2026-07-13,Google Search,C-GGL-RET,retargeting,retargeting,Remote,seed,ai_saas,generic,generic,285,9,51.78,8,2,2,0,0,0,0.0,5.75,0.0316,0.25,1.0,25.89,25.89,,0.0,0,False,,,,synthetic
2026-07-14,Google Search,C-GGL-ENT,ai_founders,prospecting,SF Bay,seed,ai_saas,enterprise,enterprise_ready,822,37,393.87,30,9,5,4,1,0,0.0,10.65,0.045,0.3,0.5556,43.76,78.77,,0.0,1,False,ent_vs_gen_ggl,treatment,,synthetic
2026-07-14,Google Search,C-GGL-GEN,saas_founders,prospecting,Remote,pre_seed,ai_saas,generic,generic,210,14,116.11,14,3,2,1,0,0,0.0,8.29,0.0667,0.2143,0.6667,38.7,58.05,,0.0,1,False,ent_vs_gen_ggl,control,,synthetic
2026-07-14,LinkedIn,C-LNK-ENT,ai_founders,prospecting,NYC,seed,ai_saas,enterprise,enterprise_ready,3549,23,196.33,18,2,1,0,0,0,0.0,8.54,0.0065,0.1111,0.5,98.17,196.33,,0.0,1,False,,,,synthetic
2026-07-14,LinkedIn,C-LNK-FND,startup_operators,prospecting,Remote,seed,fintech,fundraising,enterprise_ready,1500,9,73.08,8,0,0,0,0,0,0.0,8.12,0.006,0.0,0.0,,,,0.0,1,False,,,,synthetic
2026-07-14,Meta,C-MTA-GEN,ai_founders,prospecting,Remote,pre_seed,ai_infra,generic,generic,2681,37,147.6,29,6,0,0,0,0,0.0,3.99,0.0138,0.2069,0.0,24.6,,,0.0,1,False,,,,synthetic
2026-07-14,Meta,C-MTA-AI,saas_founders,prospecting,Remote,pre_seed,ai_saas,enterprise,ai_focused,1695,17,80.62,14,3,0,0,0,0,0.0,4.74,0.01,0.2143,0.0,26.87,,,0.0,1,False,,,,synthetic
2026-07-14,Meta,C-MTA-RET,retargeting,retargeting,Remote,seed,ai_saas,enterprise,enterprise_ready,119,4,10.9,4,1,0,0,0,0,0.0,2.73,0.0336,0.25,0.0,10.9,,,0.0,1,False,,,,synthetic
2026-07-14,Google Search,C-GGL-RET,retargeting,retargeting,Remote,seed,ai_saas,generic,generic,253,8,49.53,6,1,0,0,0,0,0.0,6.19,0.0316,0.1667,0.0,49.53,,,0.0,1,False,,,,synthetic
2026-07-15,Google Search,C-GGL-ENT,ai_founders,prospecting,SF Bay,seed,ai_saas,enterprise,enterprise_ready,800,36,424.24,27,3,2,2,2,1,4557.19,11.78,0.045,0.1111,0.6667,141.41,212.12,424.24,10.742,2,False,ent_vs_gen_ggl,treatment,,synthetic
2026-07-15,Google Search,C-GGL-GEN,saas_founders,prospecting,Remote,pre_seed,ai_saas,generic,generic,225,15,126.05,10,1,0,0,0,0,0.0,8.4,0.0667,0.1,0.0,126.05,,,0.0,2,False,ent_vs_gen_ggl,control,,synthetic
2026-07-15,LinkedIn,C-LNK-ENT,ai_founders,prospecting,NYC,seed,ai_saas,enterprise,enterprise_ready,2932,19,189.06,15,5,5,2,0,0,0.0,9.95,0.0065,0.3333,1.0,37.81,37.81,,0.0,2,False,,,,synthetic
2026-07-15,LinkedIn,C-LNK-FND,startup_operators,prospecting,Remote,seed,fintech,fundraising,enterprise_ready,1667,10,82.65,7,0,0,0,0,0,0.0,8.27,0.006,0.0,0.0,,,,0.0,2,False,,,,synthetic
2026-07-15,Meta,C-MTA-GEN,ai_founders,prospecting,Remote,pre_seed,ai_infra,generic,generic,6086,88,350.05,70,6,2,0,0,0,0.0,3.98,0.0138,0.0857,0.3333,58.34,175.03,,0.0,2,False,,,viral founder share; anomaly day,synthetic
2026-07-15,Meta,C-MTA-AI,saas_founders,prospecting,Remote,pre_seed,ai_saas,enterprise,ai_focused,3988,42,181.93,35,3,3,0,0,0,0.0,4.33,0.01,0.0857,1.0,60.64,60.64,,0.0,2,False,,,viral founder share; anomaly day,synthetic
2026-07-15,Meta,C-MTA-RET,retargeting,retargeting,Remote,seed,ai_saas,enterprise,enterprise_ready,119,4,12.99,3,0,0,0,0,0,0.0,3.25,0.0336,0.0,0.0,,,,0.0,2,False,,,,synthetic
2026-07-15,Google Search,C-GGL-RET,retargeting,retargeting,Remote,seed,ai_saas,generic,generic,285,9,52.07,9,1,1,0,0,0,0.0,5.79,0.0316,0.1111,1.0,52.07,52.07,,0.0,2,False,,,,synthetic
2026-07-16,Google Search,C-GGL-ENT,ai_founders,prospecting,SF Bay,seed,ai_saas,enterprise,enterprise_ready,800,36,400.58,25,6,2,2,0,0,0.0,11.13,0.045,0.24,0.3333,66.76,200.29,,0.0,3,False,ent_vs_gen_ggl,treatment,,synthetic
2026-07-16,Google Search,C-GGL-GEN,saas_founders,prospecting,Remote,pre_seed,ai_saas,generic,generic,225,15,139.36,8,1,0,0,0,0,0.0,9.29,0.0667,0.125,0.0,139.36,,,0.0,3,False,ent_vs_gen_ggl,control,,synthetic
2026-07-16,LinkedIn,C-LNK-ENT,ai_founders,prospecting,NYC,seed,ai_saas,enterprise,enterprise_ready,3241,21,201.19,16,0,0,0,0,0,0.0,9.58,0.0065,0.0,0.0,,,,0.0,3,False,,,,synthetic
2026-07-16,LinkedIn,C-LNK-FND,startup_operators,prospecting,Remote,seed,fintech,fundraising,enterprise_ready,1500,9,71.72,6,0,0,0,0,0,0.0,7.97,0.006,0.0,0.0,,,,0.0,3,False,,,,synthetic
2026-07-16,Meta,C-MTA-GEN,ai_founders,prospecting,Remote,pre_seed,ai_infra,generic,generic,2101,29,119.89,22,3,1,0,0,0,0.0,4.13,0.0138,0.1364,0.3333,39.96,119.89,,0.0,3,False,,,,synthetic
2026-07-16,Meta,C-MTA-AI,saas_founders,prospecting,Remote,pre_seed,ai_saas,enterprise,ai_focused,1595,16,70.71,11,2,1,0,0,0,0.0,4.42,0.01,0.1818,0.5,35.35,70.71,,0.0,3,False,,,,synthetic
2026-07-16,Meta,C-MTA-RET,retargeting,retargeting,Remote,seed,ai_saas,enterprise,enterprise_ready,119,4,10.91,4,0,0,0,0,0,0.0,2.73,0.0336,0.0,0.0,,,,0.0,3,False,,,,synthetic
2026-07-16,Google Search,C-GGL-RET,retargeting,retargeting,Remote,seed,ai_saas,generic,generic,285,9,51.55,9,1,0,0,0,0,0.0,5.73,0.0316,0.1111,0.0,51.55,,,0.0,3,False,,,,synthetic
2026-07-17,Google Search,C-GGL-ENT,ai_founders,prospecting,SF Bay,seed,ai_saas,enterprise,enterprise_ready,600,27,315.75,20,4,2,2,1,0,0.0,11.69,0.045,0.2,0.5,78.94,157.88,,0.0,4,False,ent_vs_gen_ggl,treatment,,synthetic
2026-07-17,Google Search,C-GGL-GEN,saas_founders,prospecting,Remote,pre_seed,ai_saas,generic,generic,195,13,98.7,10,0,0,0,0,0,0.0,7.59,0.0667,0.0,0.0,,,,0.0,4,False,ent_vs_gen_ggl,control,,synthetic
2026-07-17,LinkedIn,C-LNK-ENT,ai_founders,prospecting,NYC,seed,ai_saas,enterprise,enterprise_ready,2469,16,134.7,11,1,1,1,0,0,0.0,8.42,0.0065,0.0909,1.0,134.7,134.7,,0.0,4,False,,,,synthetic
2026-07-17,LinkedIn,C-LNK-FND,startup_operators,prospecting,Remote,seed,fintech,fundraising,enterprise_ready,1167,7,55.66,6,0,0,0,0,0,0.0,7.95,0.006,0.0,0.0,,,,0.0,4,False,,,,synthetic
2026-07-17,Meta,C-MTA-GEN,ai_founders,prospecting,Remote,pre_seed,ai_infra,generic,generic,2029,28,124.8,18,2,0,0,0,0,0.0,4.46,0.0138,0.1111,0.0,62.4,,,0.0,4,False,,,,synthetic
2026-07-17,Meta,C-MTA-AI,saas_founders,prospecting,Remote,pre_seed,ai_saas,enterprise,ai_focused,1595,16,68.89,12,1,1,0,0,0,0.0,4.31,0.01,0.0833,1.0,68.89,68.89,,0.0,4,False,,,,synthetic
2026-07-17,Meta,C-MTA-RET,retargeting,retargeting,Remote,seed,ai_saas,enterprise,enterprise_ready,119,4,12.26,4,2,1,1,0,0,0.0,3.06,0.0336,0.5,0.5,6.13,12.26,,0.0,4,False,,,,synthetic
2026-07-17,Google Search,C-GGL-RET,retargeting,retargeting,Remote,seed,ai_saas,generic,generic,221,7,48.11,7,2,0,0,0,0,0.0,6.87,0.0317,0.2857,0.0,24.05,,,0.0,4,False,,,,synthetic
2026-07-18,Google Search,C-GGL-ENT,ai_founders,prospecting,SF Bay,seed,ai_saas,enterprise,enterprise_ready,200,9,98.31,5,2,1,1,0,0,0.0,10.92,0.045,0.4,0.5,49.16,98.31,,0.0,5,True,ent_vs_gen_ggl,treatment,,synthetic
2026-07-18,Google Search,C-GGL-GEN,saas_founders,prospecting,Remote,pre_seed,ai_saas,generic,generic,90,6,46.73,5,1,0,0,0,0,0.0,7.79,0.0667,0.2,0.0,46.73,,,0.0,5,True,ent_vs_gen_ggl,control,,synthetic
2026-07-18,LinkedIn,C-LNK-ENT,ai_founders,prospecting,NYC,seed,ai_saas,enterprise,enterprise_ready,926,6,52.33,6,1,1,1,1,0,0.0,8.72,0.0065,0.1667,1.0,52.33,52.33,,0.0,5,True,,,,synthetic
2026-07-18,LinkedIn,C-LNK-FND,startup_operators,prospecting,Remote,seed,fintech,fundraising,enterprise_ready,1000,6,46.19,4,0,0,0,0,0,0.0,7.7,0.006,0.0,0.0,,,,0.0,5,True,,,,synthetic
2026-07-18,Meta,C-MTA-GEN,ai_founders,prospecting,Remote,pre_seed,ai_infra,generic,generic,1087,15,59.64,9,1,0,0,0,0,0.0,3.98,0.0138,0.1111,0.0,59.64,,,0.0,5,True,,,,synthetic
2026-07-18,Meta,C-MTA-AI,saas_founders,prospecting,Remote,pre_seed,ai_saas,enterprise,ai_focused,1097,11,49.61,8,0,0,0,0,0,0.0,4.51,0.01,0.0,0.0,,,,0.0,5,True,,,,synthetic
2026-07-18,Meta,C-MTA-RET,retargeting,retargeting,Remote,seed,ai_saas,enterprise,enterprise_ready,119,4,12.59,4,0,0,0,0,0,0.0,3.15,0.0336,0.0,0.0,,,,0.0,5,True,,,,synthetic
2026-07-18,Google Search,C-GGL-RET,retargeting,retargeting,Remote,seed,ai_saas,generic,generic,221,7,47.27,6,3,2,1,0,0,0.0,6.75,0.0317,0.5,0.6667,15.76,23.64,,0.0,5,True,,,,synthetic
2026-07-19,Google Search,C-GGL-ENT,ai_founders,prospecting,SF Bay,seed,ai_saas,enterprise,enterprise_ready,178,8,91.34,6,1,1,1,1,0,0.0,11.42,0.0449,0.1667,1.0,91.34,91.34,,0.0,6,True,ent_vs_gen_ggl,treatment,,synthetic
2026-07-19,Google Search,C-GGL-GEN,saas_founders,prospecting,Remote,pre_seed,ai_saas,generic,generic,90,6,52.25,2,0,0,0,0,0,0.0,8.71,0.0667,0.0,0.0,,,,0.0,6,True,ent_vs_gen_ggl,control,,synthetic
2026-07-19,LinkedIn,C-LNK-ENT,ai_founders,prospecting,NYC,seed,ai_saas,enterprise,enterprise_ready,772,5,48.62,4,1,0,0,0,0,0.0,9.72,0.0065,0.25,0.0,48.62,,,0.0,6,True,,,,synthetic
2026-07-19,LinkedIn,C-LNK-FND,startup_operators,prospecting,Remote,seed,fintech,fundraising,enterprise_ready,1167,7,51.37,7,0,0,0,0,0,0.0,7.34,0.006,0.0,0.0,,,,0.0,6,True,,,,synthetic
2026-07-19,Meta,C-MTA-GEN,ai_founders,prospecting,Remote,pre_seed,ai_infra,generic,generic,870,12,51.01,11,1,0,0,0,0,0.0,4.25,0.0138,0.0909,0.0,51.01,,,0.0,6,True,,,,synthetic
2026-07-19,Meta,C-MTA-AI,saas_founders,prospecting,Remote,pre_seed,ai_saas,enterprise,ai_focused,1097,11,49.46,10,0,0,0,0,0,0.0,4.5,0.01,0.0,0.0,,,,0.0,6,True,,,,synthetic
2026-07-19,Meta,C-MTA-RET,retargeting,retargeting,Remote,seed,ai_saas,enterprise,enterprise_ready,119,4,12.47,2,1,1,1,1,1,4564.9,3.12,0.0336,0.5,1.0,12.47,12.47,12.47,366.0706,6,True,,,,synthetic
2026-07-19,Google Search,C-GGL-RET,retargeting,retargeting,Remote,seed,ai_saas,generic,generic,221,7,46.87,7,2,1,1,1,0,0.0,6.7,0.0317,0.2857,0.5,23.43,46.87,,0.0,6,True,,,,synthetic
2026-07-20,Google Search,C-GGL-ENT,ai_founders,prospecting,SF Bay,seed,ai_saas,enterprise,enterprise_ready,667,30,299.91,25,6,4,2,2,2,10778.61,10.0,0.045,0.24,0.6667,49.99,74.98,149.96,35.9395,0,False,ent_vs_gen_ggl,treatment,,synthetic
2026-07-20,Google Search,C-GGL-GEN,saas_founders,prospecting,Remote,pre_seed,ai_saas,generic,generic,195,13,106.92,11,2,0,0,0,0,0.0,8.22,0.0667,0.1818,0.0,53.46,,,0.0,0,False,ent_vs_gen_ggl,control,,synthetic
2026-07-20,LinkedIn,C-LNK-ENT,ai_founders,prospecting,NYC,seed,ai_saas,enterprise,enterprise_ready,2778,18,168.73,14,3,2,1,0,0,0.0,9.37,0.0065,0.2143,0.6667,56.24,84.36,,0.0,0,False,,,,synthetic
2026-07-20,LinkedIn,C-LNK-FND,startup_operators,prospecting,Remote,seed,fintech,fundraising,enterprise_ready,1333,8,69.02,7,1,0,0,0,0,0.0,8.63,0.006,0.1429,0.0,69.02,,,0.0,0,False,,,,synthetic
2026-07-20,Meta,C-MTA-GEN,ai_founders,prospecting,Remote,pre_seed,ai_infra,generic,generic,1957,27,114.42,18,3,1,0,0,0,0.0,4.24,0.0138,0.1667,0.3333,38.14,114.42,,0.0,0,False,,,,synthetic
2026-07-20,Meta,C-MTA-AI,saas_founders,prospecting,Remote,pre_seed,ai_saas,enterprise,ai_focused,1574,15,69.72,9,1,0,0,0,0,0.0,4.65,0.0095,0.1111,0.0,69.72,,,0.0,0,False,,,,synthetic
2026-07-20,Meta,C-MTA-RET,retargeting,retargeting,Remote,seed,ai_saas,enterprise,enterprise_ready,119,4,10.95,4,0,0,0,0,0,0.0,2.74,0.0336,0.0,0.0,,,,0.0,0,False,,,,synthetic
2026-07-20,Google Search,C-GGL-RET,retargeting,retargeting,Remote,seed,ai_saas,generic,generic,253,8,49.24,8,1,0,0,0,0,0.0,6.16,0.0316,0.125,0.0,49.24,,,0.0,0,False,,,,synthetic
2026-07-21,Google Search,C-GGL-ENT,ai_founders,prospecting,SF Bay,seed,ai_saas,enterprise,enterprise_ready,889,40,417.04,32,6,3,3,1,0,0.0,10.43,0.045,0.1875,0.5,69.51,139.01,,0.0,1,False,ent_vs_gen_ggl,treatment,,synthetic
2026-07-21,Google Search,C-GGL-GEN,saas_founders,prospecting,Remote,pre_seed,ai_saas,generic,generic,240,16,132.77,11,1,1,1,0,0,0.0,8.3,0.0667,0.0909,1.0,132.77,132.77,,0.0,1,False,ent_vs_gen_ggl,control,,synthetic
2026-07-21,LinkedIn,C-LNK-ENT,ai_founders,prospecting,NYC,seed,ai_saas,enterprise,enterprise_ready,2932,19,184.25,16,2,2,1,1,0,0.0,9.7,0.0065,0.125,1.0,92.12,92.12,,0.0,1,False,,,,synthetic
2026-07-21,LinkedIn,C-LNK-FND,startup_operators,prospecting,Remote,seed,fintech,fundraising,enterprise_ready,1667,10,85.61,10,1,0,0,0,0,0.0,8.56,0.006,0.1,0.0,85.61,,,0.0,1,False,,,,synthetic
2026-07-21,Meta,C-MTA-GEN,ai_founders,prospecting,Remote,pre_seed,ai_infra,generic,generic,2681,37,148.71,27,4,1,1,0,0,0.0,4.02,0.0138,0.1481,0.25,37.18,148.71,,0.0,1,False,,,,synthetic
2026-07-21,Meta,C-MTA-AI,saas_founders,prospecting,Remote,pre_seed,ai_saas,enterprise,ai_focused,1574,15,76.27,12,0,0,0,0,0,0.0,5.08,0.0095,0.0,0.0,,,,0.0,1,False,,,,synthetic
2026-07-21,Meta,C-MTA-RET,retargeting,retargeting,Remote,seed,ai_saas,enterprise,enterprise_ready,119,4,11.61,4,3,3,2,1,1,4366.84,2.9,0.0336,0.75,1.0,3.87,3.87,11.61,376.1275,1,False,,,,synthetic
2026-07-21,Google Search,C-GGL-RET,retargeting,retargeting,Remote,seed,ai_saas,generic,generic,253,8,47.89,7,2,2,1,1,0,0.0,5.99,0.0316,0.2857,1.0,23.95,23.95,,0.0,1,False,,,,synthetic
2026-07-22,Google Search,C-GGL-ENT,ai_founders,prospecting,SF Bay,seed,ai_saas,enterprise,enterprise_ready,800,36,430.96,30,5,1,1,1,0,0.0,11.97,0.045,0.1667,0.2,86.19,430.96,,0.0,2,False,ent_vs_gen_ggl,treatment,,synthetic
2026-07-22,Google Search,C-GGL-GEN,saas_founders,prospecting,Remote,pre_seed,ai_saas,generic,generic,225,15,137.44,11,1,1,0,0,0,0.0,9.16,0.0667,0.0909,1.0,137.44,137.44,,0.0,2,False,ent_vs_gen_ggl,control,,synthetic
2026-07-22,LinkedIn,C-LNK-ENT,ai_founders,prospecting,NYC,seed,ai_saas,enterprise,enterprise_ready,2932,19,170.51,16,3,1,1,1,1,5281.67,8.97,0.0065,0.1875,0.3333,56.84,170.51,170.51,30.9757,2,False,,,,synthetic
2026-07-22,LinkedIn,C-LNK-FND,startup_operators,prospecting,Remote,seed,fintech,fundraising,enterprise_ready,1833,11,91.01,9,1,0,0,0,0,0.0,8.27,0.006,0.1111,0.0,91.01,,,0.0,2,False,,,,synthetic
2026-07-22,Meta,C-MTA-GEN,ai_founders,prospecting,Remote,pre_seed,ai_infra,generic,generic,2391,33,138.78,22,2,1,1,1,0,0.0,4.21,0.0138,0.0909,0.5,69.39,138.78,,0.0,2,False,,,,synthetic
2026-07-22,Meta,C-MTA-AI,saas_founders,prospecting,Remote,pre_seed,ai_saas,enterprise,ai_focused,1784,17,79.93,11,0,0,0,0,0,0.0,4.7,0.0095,0.0,0.0,,,,0.0,2,False,,,,synthetic
2026-07-22,Meta,C-MTA-RET,retargeting,retargeting,Remote,seed,ai_saas,enterprise,enterprise_ready,119,4,12.18,4,0,0,0,0,0,0.0,3.04,0.0336,0.0,0.0,,,,0.0,2,False,,,,synthetic
2026-07-22,Google Search,C-GGL-RET,retargeting,retargeting,Remote,seed,ai_saas,generic,generic,253,8,51.88,8,2,1,0,0,0,0.0,6.49,0.0316,0.25,0.5,25.94,51.88,,0.0,2,False,,,,synthetic
2026-07-23,Google Search,C-GGL-ENT,ai_founders,prospecting,SF Bay,seed,ai_saas,enterprise,enterprise_ready,711,32,390.32,28,6,6,4,2,1,4596.94,12.2,0.045,0.2143,1.0,65.05,65.05,390.32,11.7774,3,False,ent_vs_gen_ggl,treatment,,synthetic
2026-07-23,Google Search,C-GGL-GEN,saas_founders,prospecting,Remote,pre_seed,ai_saas,generic,generic,210,14,119.41,6,1,0,0,0,0,0.0,8.53,0.0667,0.1667,0.0,119.41,,,0.0,3,False,ent_vs_gen_ggl,control,,synthetic
2026-07-23,LinkedIn,C-LNK-ENT,ai_founders,prospecting,NYC,seed,ai_saas,enterprise,enterprise_ready,3241,21,173.8,17,3,3,3,0,0,0.0,8.28,0.0065,0.1765,1.0,57.93,57.93,,0.0,3,False,,,,synthetic
2026-07-23,LinkedIn,C-LNK-FND,startup_operators,prospecting,Remote,seed,fintech,fundraising,enterprise_ready,1667,10,79.15,8,0,0,0,0,0,0.0,7.92,0.006,0.0,0.0,,,,0.0,3,False,,,,synthetic
2026-07-23,Meta,C-MTA-GEN,ai_founders,prospecting,Remote,pre_seed,ai_infra,generic,generic,2319,32,133.31,26,4,0,0,0,0,0.0,4.17,0.0138,0.1538,0.0,33.33,,,0.0,3,False,,,,synthetic
2026-07-23,Meta,C-MTA-AI,saas_founders,prospecting,Remote,pre_seed,ai_saas,enterprise,ai_focused,1679,16,70.73,12,0,0,0,0,0,0.0,4.42,0.0095,0.0,0.0,,,,0.0,3,False,,,,synthetic
2026-07-23,Meta,C-MTA-RET,retargeting,retargeting,Remote,seed,ai_saas,enterprise,enterprise_ready,119,4,13.17,4,1,0,0,0,0,0.0,3.29,0.0336,0.25,0.0,13.17,,,0.0,3,False,,,,synthetic
2026-07-23,Google Search,C-GGL-RET,retargeting,retargeting,Remote,seed,ai_saas,generic,generic,253,8,48.34,8,1,1,1,0,0,0.0,6.04,0.0316,0.125,1.0,48.34,48.34,,0.0,3,False,,,,synthetic
2026-07-24,Google Search,C-GGL-ENT,ai_founders,prospecting,SF Bay,seed,ai_saas,enterprise,enterprise_ready,733,33,356.4,25,3,0,0,0,0,0.0,10.8,0.045,0.12,0.0,118.8,,,0.0,4,False,ent_vs_gen_ggl,treatment,,synthetic
2026-07-24,Google Search,C-GGL-GEN,saas_founders,prospecting,Remote,pre_seed,ai_saas,generic,generic,180,12,103.28,10,2,0,0,0,0,0.0,8.61,0.0667,0.2,0.0,51.64,,,0.0,4,False,ent_vs_gen_ggl,control,,synthetic
2026-07-24,LinkedIn,C-LNK-ENT,ai_founders,prospecting,NYC,seed,ai_saas,enterprise,enterprise_ready,2623,17,150.43,14,2,2,2,1,0,0.0,8.85,0.0065,0.1429,1.0,75.22,75.22,,0.0,4,False,,,,synthetic
2026-07-24,LinkedIn,C-LNK-FND,startup_operators,prospecting,Remote,seed,fintech,fundraising,enterprise_ready,1333,8,67.72,7,1,0,0,0,0,0.0,8.46,0.006,0.1429,0.0,67.72,,,0.0,4,False,,,,synthetic
2026-07-24,Meta,C-MTA-GEN,ai_founders,prospecting,Remote,pre_seed,ai_infra,generic,generic,2609,36,131.41,33,3,0,0,0,0,0.0,3.65,0.0138,0.0909,0.0,43.8,,,0.0,4,False,,,,synthetic
2026-07-24,Meta,C-MTA-AI,saas_founders,prospecting,Remote,pre_seed,ai_saas,enterprise,ai_focused,1469,14,62.24,10,0,0,0,0,0,0.0,4.45,0.0095,0.0,0.0,,,,0.0,4,False,,,,synthetic
2026-07-24,Meta,C-MTA-RET,retargeting,retargeting,Remote,seed,ai_saas,enterprise,enterprise_ready,119,4,12.58,4,1,1,1,0,0,0.0,3.15,0.0336,0.25,1.0,12.58,12.58,,0.0,4,False,,,,synthetic
2026-07-24,Google Search,C-GGL-RET,retargeting,retargeting,Remote,seed,ai_saas,generic,generic,253,8,48.46,5,1,0,0,0,0,0.0,6.06,0.0316,0.2,0.0,48.46,,,0.0,4,False,,,,synthetic
2026-07-25,Google Search,C-GGL-ENT,ai_founders,prospecting,SF Bay,seed,ai_saas,enterprise,enterprise_ready,178,8,93.74,7,1,0,0,0,0,0.0,11.72,0.0449,0.1429,0.0,93.74,,,0.0,5,True,ent_vs_gen_ggl,treatment,,synthetic
2026-07-25,Google Search,C-GGL-GEN,saas_founders,prospecting,Remote,pre_seed,ai_saas,generic,generic,90,6,52.38,2,0,0,0,0,0,0.0,8.73,0.0667,0.0,0.0,,,,0.0,5,True,ent_vs_gen_ggl,control,,synthetic
2026-07-25,LinkedIn,C-LNK-ENT,ai_founders,prospecting,NYC,seed,ai_saas,enterprise,enterprise_ready,772,5,46.73,3,0,0,0,0,0,0.0,9.35,0.0065,0.0,0.0,,,,0.0,5,True,,,,synthetic
2026-07-25,LinkedIn,C-LNK-FND,startup_operators,prospecting,Remote,seed,fintech,fundraising,enterprise_ready,1000,6,46.94,4,0,0,0,0,0,0.0,7.82,0.006,0.0,0.0,,,,0.0,5,True,,,,synthetic
2026-07-25,Meta,C-MTA-GEN,ai_founders,prospecting,Remote,pre_seed,ai_infra,generic,generic,1014,14,60.38,13,2,2,0,0,0,0.0,4.31,0.0138,0.1538,1.0,30.19,30.19,,0.0,5,True,,,,synthetic
2026-07-25,Meta,C-MTA-AI,saas_founders,prospecting,Remote,pre_seed,ai_saas,enterprise,ai_focused,1259,12,52.07,8,1,0,0,0,0,0.0,4.34,0.0095,0.125,0.0,52.07,,,0.0,5,True,,,,synthetic
2026-07-25,Meta,C-MTA-RET,retargeting,retargeting,Remote,seed,ai_saas,enterprise,enterprise_ready,119,4,11.35,4,1,0,0,0,0,0.0,2.84,0.0336,0.25,0.0,11.35,,,0.0,5,True,,,,synthetic
2026-07-25,Google Search,C-GGL-RET,retargeting,retargeting,Remote,seed,ai_saas,generic,generic,253,8,47.09,8,1,1,1,0,0,0.0,5.89,0.0316,0.125,1.0,47.09,47.09,,0.0,5,True,,,,synthetic
2026-07-26,Google Search,C-GGL-ENT,ai_founders,prospecting,SF Bay,seed,ai_saas,enterprise,enterprise_ready,178,8,91.12,7,1,1,0,0,0,0.0,11.39,0.0449,0.1429,1.0,91.12,91.12,,0.0,6,True,ent_vs_gen_ggl,treatment,,synthetic
2026-07-26,Google Search,C-GGL-GEN,saas_founders,prospecting,Remote,pre_seed,ai_saas,generic,generic,90,6,53.11,6,2,1,0,0,0,0.0,8.85,0.0667,0.3333,0.5,26.55,53.11,,0.0,6,True,ent_vs_gen_ggl,control,,synthetic
2026-07-26,LinkedIn,C-LNK-ENT,ai_founders,prospecting,NYC,seed,ai_saas,enterprise,enterprise_ready,926,6,52.69,3,0,0,0,0,0,0.0,8.78,0.0065,0.0,0.0,,,,0.0,6,True,,,,synthetic
2026-07-26,LinkedIn,C-LNK-FND,startup_operators,prospecting,Remote,seed,fintech,fundraising,enterprise_ready,1000,6,46.35,5,0,0,0,0,0,0.0,7.73,0.006,0.0,0.0,,,,0.0,6,True,,,,synthetic
2026-07-26,Meta,C-MTA-GEN,ai_founders,prospecting,Remote,pre_seed,ai_infra,generic,generic,942,13,51.07,10,0,0,0,0,0,0.0,3.93,0.0138,0.0,0.0,,,,0.0,6,True,,,,synthetic
2026-07-26,Meta,C-MTA-AI,saas_founders,prospecting,Remote,pre_seed,ai_saas,enterprise,ai_focused,1259,12,51.23,8,1,1,1,0,0,0.0,4.27,0.0095,0.125,1.0,51.23,51.23,,0.0,6,True,,,,synthetic
2026-07-26,Meta,C-MTA-RET,retargeting,retargeting,Remote,seed,ai_saas,enterprise,enterprise_ready,119,4,13.07,4,0,0,0,0,0,0.0,3.27,0.0336,0.0,0.0,,,,0.0,6,True,,,,synthetic
2026-07-26,Google Search,C-GGL-RET,retargeting,retargeting,Remote,seed,ai_saas,generic,generic,253,8,49.29,7,2,0,0,0,0,0.0,6.16,0.0316,0.2857,0.0,24.64,,,0.0,6,True,,,,synthetic
2026-07-27,Google Search,C-GGL-ENT,ai_founders,prospecting,SF Bay,seed,ai_saas,enterprise,enterprise_ready,644,29,329.01,23,4,1,0,0,0,0.0,11.35,0.045,0.1739,0.25,82.25,329.01,,0.0,0,False,ent_vs_gen_ggl,treatment,,synthetic
2026-07-27,Google Search,C-GGL-GEN,saas_founders,prospecting,Remote,pre_seed,ai_saas,generic,generic,195,13,108.17,11,2,0,0,0,0,0.0,8.32,0.0667,0.1818,0.0,54.09,,,0.0,0,False,ent_vs_gen_ggl,control,,synthetic
2026-07-27,LinkedIn,C-LNK-ENT,ai_founders,prospecting,NYC,seed,ai_saas,enterprise,enterprise_ready,2160,14,137.76,13,2,2,0,0,0,0.0,9.84,0.0065,0.1538,1.0,68.88,68.88,,0.0,0,False,,,,synthetic
2026-07-27,LinkedIn,C-LNK-FND,startup_operators,prospecting,Remote,seed,fintech,fundraising,enterprise_ready,1333,8,66.03,6,2,2,2,0,0,0.0,8.25,0.006,0.3333,1.0,33.02,33.02,,0.0,0,False,,,,synthetic
2026-07-27,Meta,C-MTA-GEN,ai_founders,prospecting,Remote,pre_seed,ai_infra,generic,generic,1957,27,97.51,21,2,0,0,0,0,0.0,3.61,0.0138,0.0952,0.0,48.76,,,0.0,0,False,,,,synthetic
2026-07-27,Meta,C-MTA-AI,saas_founders,prospecting,Remote,pre_seed,ai_saas,enterprise,ai_focused,1767,16,68.13,12,1,0,0,0,0,0.0,4.26,0.0091,0.0833,0.0,68.13,,,0.0,0,False,,,,synthetic
2026-07-27,Meta,C-MTA-RET,retargeting,retargeting,Remote,seed,ai_saas,enterprise,enterprise_ready,89,3,9.73,3,0,0,0,0,0,0.0,3.24,0.0337,0.0,0.0,,,,0.0,0,False,,,,synthetic
2026-07-27,Google Search,C-GGL-RET,retargeting,retargeting,Remote,seed,ai_saas,generic,generic,221,7,42.66,6,1,0,0,0,0,0.0,6.09,0.0317,0.1667,0.0,42.66,,,0.0,0,False,,,,synthetic
2026-07-28,Google Search,C-GGL-ENT,ai_founders,prospecting,SF Bay,seed,ai_saas,enterprise,enterprise_ready,778,35,389.21,24,3,3,3,2,1,4247.88,11.12,0.045,0.125,1.0,129.74,129.74,389.21,10.9141,1,False,ent_vs_gen_ggl,treatment,,synthetic
2026-07-28,Google Search,C-GGL-GEN,saas_founders,prospecting,Remote,pre_seed,ai_saas,generic,generic,210,14,122.33,12,1,0,0,0,0,0.0,8.74,0.0667,0.0833,0.0,122.33,,,0.0,1,False,ent_vs_gen_ggl,control,,synthetic
2026-07-28,LinkedIn,C-LNK-ENT,ai_founders,prospecting,NYC,seed,ai_saas,enterprise,enterprise_ready,3549,23,208.53,19,2,2,2,1,0,0.0,9.07,0.0065,0.1053,1.0,104.27,104.27,,0.0,1,False,,,,synthetic
2026-07-28,LinkedIn,C-LNK-FND,startup_operators,prospecting,Remote,seed,fintech,fundraising,enterprise_ready,1667,10,83.61,7,2,0,0,0,0,0.0,8.36,0.006,0.2857,0.0,41.8,,,0.0,1,False,,,,synthetic
2026-07-28,Meta,C-MTA-GEN,ai_founders,prospecting,Remote,pre_seed,ai_infra,generic,generic,2174,30,127.67,25,2,0,0,0,0,0.0,4.26,0.0138,0.08,0.0,63.84,,,0.0,1,False,,,,synthetic
2026-07-28,Meta,C-MTA-AI,saas_founders,prospecting,Remote,pre_seed,ai_saas,enterprise,ai_focused,1767,16,73.18,13,0,0,0,0,0,0.0,4.57,0.0091,0.0,0.0,,,,0.0,1,False,,,,synthetic
2026-07-28,Meta,C-MTA-RET,retargeting,retargeting,Remote,seed,ai_saas,enterprise,enterprise_ready,89,3,9.27,2,1,0,0,0,0,0.0,3.09,0.0337,0.5,0.0,9.27,,,0.0,1,False,,,,synthetic
2026-07-28,Google Search,C-GGL-RET,retargeting,retargeting,Remote,seed,ai_saas,generic,generic,221,7,41.1,7,0,0,0,0,0,0.0,5.87,0.0317,0.0,0.0,,,,0.0,1,False,,,,synthetic
2026-07-29,Google Search,C-GGL-ENT,ai_founders,prospecting,SF Bay,seed,ai_saas,enterprise,enterprise_ready,800,36,385.91,26,5,3,3,2,0,0.0,10.72,0.045,0.1923,0.6,77.18,128.64,,0.0,2,False,ent_vs_gen_ggl,treatment,,synthetic
2026-07-29,Google Search,C-GGL-GEN,saas_founders,prospecting,Remote,pre_seed,ai_saas,generic,generic,240,16,137.69,12,2,0,0,0,0,0.0,8.61,0.0667,0.1667,0.0,68.84,,,0.0,2,False,ent_vs_gen_ggl,control,,synthetic
2026-07-29,LinkedIn,C-LNK-ENT,ai_founders,prospecting,NYC,seed,ai_saas,enterprise,enterprise_ready,3241,21,186.26,18,1,1,1,0,0,0.0,8.87,0.0065,0.0556,1.0,186.26,186.26,,0.0,2,False,,,,synthetic
2026-07-29,LinkedIn,C-LNK-FND,startup_operators,prospecting,Remote,seed,fintech,fundraising,enterprise_ready,2000,12,92.47,9,0,0,0,0,0,0.0,7.71,0.006,0.0,0.0,,,,0.0,2,False,,,,synthetic
2026-07-29,Meta,C-MTA-GEN,ai_founders,prospecting,Remote,pre_seed,ai_infra,generic,generic,2536,35,138.33,24,1,0,0,0,0,0.0,3.95,0.0138,0.0417,0.0,138.33,,,0.0,2,False,,,,synthetic
2026-07-29,Meta,C-MTA-AI,saas_founders,prospecting,Remote,pre_seed,ai_saas,enterprise,ai_focused,1767,16,81.74,14,2,0,0,0,0,0.0,5.11,0.0091,0.1429,0.0,40.87,,,0.0,2,False,,,,synthetic
2026-07-29,Meta,C-MTA-RET,retargeting,retargeting,Remote,seed,ai_saas,enterprise,enterprise_ready,59,2,6.69,1,0,0,0,0,0,0.0,3.35,0.0339,0.0,0.0,,,,0.0,2,False,,,,synthetic
2026-07-29,Google Search,C-GGL-RET,retargeting,retargeting,Remote,seed,ai_saas,generic,generic,190,6,38.94,6,1,1,0,0,0,0.0,6.49,0.0316,0.1667,1.0,38.94,38.94,,0.0,2,False,,,,synthetic
2026-07-30,Google Search,C-GGL-ENT,ai_founders,prospecting,SF Bay,seed,ai_saas,enterprise,enterprise_ready,733,33,373.52,29,7,3,1,1,0,0.0,11.32,0.045,0.2414,0.4286,53.36,124.51,,0.0,3,False,ent_vs_gen_ggl,treatment,,synthetic
2026-07-30,Google Search,C-GGL-GEN,saas_founders,prospecting,Remote,pre_seed,ai_saas,generic,generic,240,16,133.75,15,1,0,0,0,0,0.0,8.36,0.0667,0.0667,0.0,133.75,,,0.0,3,False,ent_vs_gen_ggl,control,,synthetic
2026-07-30,LinkedIn,C-LNK-ENT,ai_founders,prospecting,NYC,seed,ai_saas,enterprise,enterprise_ready,3549,23,202.28,17,5,3,3,2,0,0.0,8.79,0.0065,0.2941,0.6,40.46,67.43,,0.0,3,False,,,,synthetic
2026-07-30,LinkedIn,C-LNK-FND,startup_operators,prospecting,Remote,seed,fintech,fundraising,enterprise_ready,1667,10,83.9,9,1,1,1,0,0,0.0,8.39,0.006,0.1111,1.0,83.9,83.9,,0.0,3,False,,,,synthetic
2026-07-30,Meta,C-MTA-GEN,ai_founders,prospecting,Remote,pre_seed,ai_infra,generic,generic,2681,37,151.68,30,2,0,0,0,0,0.0,4.1,0.0138,0.0667,0.0,75.84,,,0.0,3,False,,,,synthetic
2026-07-30,Meta,C-MTA-AI,saas_founders,prospecting,Remote,pre_seed,ai_saas,enterprise,ai_focused,1657,15,69.34,12,1,0,0,0,0,0.0,4.62,0.0091,0.0833,0.0,69.34,,,0.0,3,False,,,,synthetic
2026-07-30,Meta,C-MTA-RET,retargeting,retargeting,Remote,seed,ai_saas,enterprise,enterprise_ready,89,3,9.07,2,1,0,0,0,0,0.0,3.02,0.0337,0.5,0.0,9.07,,,0.0,3,False,,,,synthetic
2026-07-30,Google Search,C-GGL-RET,retargeting,retargeting,Remote,seed,ai_saas,generic,generic,158,5,29.57,5,0,0,0,0,0,0.0,5.91,0.0316,0.0,0.0,,,,0.0,3,False,,,,synthetic
2026-07-31,Google Search,C-GGL-ENT,ai_founders,prospecting,SF Bay,seed,ai_saas,enterprise,enterprise_ready,622,28,344.23,24,5,2,2,0,0,0.0,12.29,0.045,0.2083,0.4,68.85,172.12,,0.0,4,False,ent_vs_gen_ggl,treatment,,synthetic
2026-07-31,Google Search,C-GGL-GEN,saas_founders,prospecting,Remote,pre_seed,ai_saas,generic,generic,180,12,108.1,8,2,0,0,0,0,0.0,9.01,0.0667,0.25,0.0,54.05,,,0.0,4,False,ent_vs_gen_ggl,control,,synthetic
2026-07-31,LinkedIn,C-LNK-ENT,ai_founders,prospecting,NYC,seed,ai_saas,enterprise,enterprise_ready,2469,16,148.54,12,1,1,1,0,0,0.0,9.28,0.0065,0.0833,1.0,148.54,148.54,,0.0,4,False,,,,synthetic
2026-07-31,LinkedIn,C-LNK-FND,startup_operators,prospecting,Remote,seed,fintech,fundraising,enterprise_ready,1333,8,64.5,4,0,0,0,0,0,0.0,8.06,0.006,0.0,0.0,,,,0.0,4,False,,,,synthetic
2026-07-31,Meta,C-MTA-GEN,ai_founders,prospecting,Remote,pre_seed,ai_infra,generic,generic,2029,28,115.09,22,5,0,0,0,0,0.0,4.11,0.0138,0.2273,0.0,23.02,,,0.0,4,False,,,,synthetic
2026-07-31,Meta,C-MTA-AI,saas_founders,prospecting,Remote,pre_seed,ai_saas,enterprise,ai_focused,1546,14,65.85,9,2,1,1,0,0,0.0,4.7,0.0091,0.2222,0.5,32.92,65.85,,0.0,4,False,,,,synthetic
2026-07-31,Meta,C-MTA-RET,retargeting,retargeting,Remote,seed,ai_saas,enterprise,enterprise_ready,89,3,9.27,3,0,0,0,0,0,0.0,3.09,0.0337,0.0,0.0,,,,0.0,4,False,,,,synthetic
2026-07-31,Google Search,C-GGL-RET,retargeting,retargeting,Remote,seed,ai_saas,generic,generic,253,8,45.49,8,1,1,0,0,0,0.0,5.69,0.0316,0.125,1.0,45.49,45.49,,0.0,4,False,,,,synthetic
2026-08-01,Google Search,C-GGL-ENT,ai_founders,prospecting,SF Bay,seed,ai_saas,enterprise,enterprise_ready,222,10,105.3,9,4,2,1,1,1,4532.01,10.53,0.045,0.4444,0.5,26.32,52.65,105.3,43.039,5,True,ent_vs_gen_ggl,treatment,,synthetic
2026-08-01,Google Search,C-GGL-GEN,saas_founders,prospecting,Remote,pre_seed,ai_saas,generic,generic,90,6,51.09,5,0,0,0,0,0,0.0,8.52,0.0667,0.0,0.0,,,,0.0,5,True,ent_vs_gen_ggl,control,,synthetic
2026-08-01,LinkedIn,C-LNK-ENT,ai_founders,prospecting,NYC,seed,ai_saas,enterprise,enterprise_ready,772,5,46.2,5,0,0,0,0,0,0.0,9.24,0.0065,0.0,0.0,,,,0.0,5,True,,,,synthetic
2026-08-01,LinkedIn,C-LNK-FND,startup_operators,prospecting,Remote,seed,fintech,fundraising,enterprise_ready,1000,6,50.21,6,0,0,0,0,0,0.0,8.37,0.006,0.0,0.0,,,,0.0,5,True,,,,synthetic
2026-08-01,Meta,C-MTA-GEN,ai_founders,prospecting,Remote,pre_seed,ai_infra,generic,generic,870,12,51.43,9,1,1,0,0,0,0.0,4.29,0.0138,0.1111,1.0,51.43,51.43,,0.0,5,True,,,,synthetic
2026-08-01,Meta,C-MTA-AI,saas_founders,prospecting,Remote,pre_seed,ai_saas,enterprise,ai_focused,1215,11,50.65,6,0,0,0,0,0,0.0,4.6,0.0091,0.0,0.0,,,,0.0,5,True,,,,synthetic
2026-08-01,Meta,C-MTA-RET,retargeting,retargeting,Remote,seed,ai_saas,enterprise,enterprise_ready,59,2,5.62,2,0,0,0,0,0,0.0,2.81,0.0339,0.0,0.0,,,,0.0,5,True,,,,synthetic
2026-08-01,Google Search,C-GGL-RET,retargeting,retargeting,Remote,seed,ai_saas,generic,generic,221,7,43.89,7,0,0,0,0,0,0.0,6.27,0.0317,0.0,0.0,,,,0.0,5,True,,,,synthetic
2026-08-02,Google Search,C-GGL-ENT,ai_founders,prospecting,SF Bay,seed,ai_saas,enterprise,enterprise_ready,200,9,96.42,8,0,0,0,0,0,0.0,10.71,0.045,0.0,0.0,,,,0.0,6,True,ent_vs_gen_ggl,treatment,,synthetic
2026-08-02,Google Search,C-GGL-GEN,saas_founders,prospecting,Remote,pre_seed,ai_saas,generic,generic,90,6,49.69,5,1,0,0,0,0,0.0,8.28,0.0667,0.2,0.0,49.69,,,0.0,6,True,ent_vs_gen_ggl,control,,synthetic
2026-08-02,LinkedIn,C-LNK-ENT,ai_founders,prospecting,NYC,seed,ai_saas,enterprise,enterprise_ready,926,6,50.73,3,0,0,0,0,0,0.0,8.46,0.0065,0.0,0.0,,,,0.0,6,True,,,,synthetic
2026-08-02,LinkedIn,C-LNK-FND,startup_operators,prospecting,Remote,seed,fintech,fundraising,enterprise_ready,1000,6,52.49,5,0,0,0,0,0,0.0,8.75,0.006,0.0,0.0,,,,0.0,6,True,,,,synthetic
2026-08-02,Meta,C-MTA-GEN,ai_founders,prospecting,Remote,pre_seed,ai_infra,generic,generic,870,12,49.3,10,2,0,0,0,0,0.0,4.11,0.0138,0.2,0.0,24.65,,,0.0,6,True,,,,synthetic
2026-08-02,Meta,C-MTA-AI,saas_founders,prospecting,Remote,pre_seed,ai_saas,enterprise,ai_focused,1215,11,49.23,7,0,0,0,0,0,0.0,4.48,0.0091,0.0,0.0,,,,0.0,6,True,,,,synthetic
2026-08-02,Meta,C-MTA-RET,retargeting,retargeting,Remote,seed,ai_saas,enterprise,enterprise_ready,59,2,5.95,2,0,0,0,0,0,0.0,2.98,0.0339,0.0,0.0,,,,0.0,6,True,,,,synthetic
2026-08-02,Google Search,C-GGL-RET,retargeting,retargeting,Remote,seed,ai_saas,generic,generic,190,6,35.89,5,1,1,0,0,0,0.0,5.98,0.0316,0.2,1.0,35.89,35.89,,0.0,6,True,,,,synthetic
2026-08-03,Google Search,C-GGL-ENT,ai_founders,prospecting,SF Bay,seed,ai_saas,enterprise,enterprise_ready,556,25,295.33,20,4,2,2,1,1,4528.46,11.81,0.045,0.2,0.5,73.83,147.66,295.33,15.3336,0,False,ent_vs_gen_ggl,treatment,,synthetic
2026-08-03,Google Search,C-GGL-GEN,saas_founders,prospecting,Remote,pre_seed,ai_saas,generic,generic,180,12,106.26,9,1,0,0,0,0,0.0,8.86,0.0667,0.1111,0.0,106.26,,,0.0,0,False,ent_vs_gen_ggl,control,,synthetic
2026-08-03,LinkedIn,C-LNK-ENT,ai_founders,prospecting,NYC,seed,ai_saas,enterprise,enterprise_ready,2778,18,171.57,15,3,1,1,0,0,0.0,9.53,0.0065,0.2,0.3333,57.19,171.57,,0.0,0,False,,,,synthetic
2026-08-03,LinkedIn,C-LNK-FND,startup_operators,prospecting,Remote,seed,fintech,fundraising,enterprise_ready,1333,8,63.1,7,0,0,0,0,0,0.0,7.89,0.006,0.0,0.0,,,,0.0,0,False,,,,synthetic
2026-08-03,Meta,C-MTA-GEN,ai_founders,prospecting,Remote,pre_seed,ai_infra,generic,generic,2101,29,122.4,27,4,2,0,0,0,0.0,4.22,0.0138,0.1481,0.5,30.6,61.2,,0.0,0,False,,,,synthetic
2026-08-03,Meta,C-MTA-AI,saas_founders,prospecting,Remote,pre_seed,ai_saas,enterprise,ai_focused,1512,13,59.66,12,2,1,1,1,1,3426.85,4.59,0.0086,0.1667,0.5,29.83,59.66,59.66,57.4397,0,False,,,,synthetic
2026-08-03,Meta,C-MTA-RET,retargeting,retargeting,Remote,seed,ai_saas,enterprise,enterprise_ready,59,2,6.06,2,0,0,0,0,0,0.0,3.03,0.0339,0.0,0.0,,,,0.0,0,False,,,,synthetic
2026-08-03,Google Search,C-GGL-RET,retargeting,retargeting,Remote,seed,ai_saas,generic,generic,190,6,37.59,5,2,2,2,2,0,0.0,6.27,0.0316,0.4,1.0,18.8,18.8,,0.0,0,False,,,,synthetic
2026-08-04,Google Search,C-GGL-ENT,ai_founders,prospecting,SF Bay,seed,ai_saas,enterprise,enterprise_ready,822,37,418.51,29,2,2,1,1,0,0.0,11.31,0.045,0.069,1.0,209.25,209.25,,0.0,1,False,ent_vs_gen_ggl,treatment,,synthetic
2026-08-04,Google Search,C-GGL-GEN,saas_founders,prospecting,Remote,pre_seed,ai_saas,generic,generic,195,13,109.13,10,1,0,0,0,0,0.0,8.39,0.0667,0.1,0.0,109.13,,,0.0,1,False,ent_vs_gen_ggl,control,,synthetic
2026-08-04,LinkedIn,C-LNK-ENT,ai_founders,prospecting,NYC,seed,ai_saas,enterprise,enterprise_ready,2778,18,165.63,16,0,0,0,0,0,0.0,9.2,0.0065,0.0,0.0,,,,0.0,1,False,,,,synthetic
2026-08-04,LinkedIn,C-LNK-FND,startup_operators,prospecting,Remote,seed,fintech,fundraising,enterprise_ready,1667,10,79.78,7,1,1,0,0,0,0.0,7.98,0.006,0.1429,1.0,79.78,79.78,,0.0,1,False,,,,synthetic
2026-08-04,Meta,C-MTA-GEN,ai_founders,prospecting,Remote,pre_seed,ai_infra,generic,generic,2536,35,141.56,31,9,3,2,1,0,0.0,4.04,0.0138,0.2903,0.3333,15.73,47.19,,0.0,1,False,,,,synthetic
2026-08-04,Meta,C-MTA-AI,saas_founders,prospecting,Remote,pre_seed,ai_saas,enterprise,ai_focused,2209,19,83.59,18,1,1,1,0,0,0.0,4.4,0.0086,0.0556,1.0,83.59,83.59,,0.0,1,False,,,,synthetic
2026-08-04,Meta,C-MTA-RET,retargeting,retargeting,Remote,seed,ai_saas,enterprise,enterprise_ready,89,3,8.32,3,1,1,1,1,1,4562.15,2.77,0.0337,0.3333,1.0,8.32,8.32,8.32,548.3353,1,False,,,,synthetic
2026-08-04,Google Search,C-GGL-RET,retargeting,retargeting,Remote,seed,ai_saas,generic,generic,190,6,38.21,5,2,1,1,1,0,0.0,6.37,0.0316,0.4,0.5,19.11,38.21,,0.0,1,False,,,,synthetic
2026-08-05,Google Search,C-GGL-ENT,ai_founders,prospecting,SF Bay,seed,ai_saas,enterprise,enterprise_ready,889,40,447.56,28,5,1,0,0,0,0.0,11.19,0.045,0.1786,0.2,89.51,447.56,,0.0,2,False,ent_vs_gen_ggl,treatment,,synthetic
2026-08-05,Google Search,C-GGL-GEN,saas_founders,prospecting,Remote,pre_seed,ai_saas,generic,generic,240,16,139.41,11,1,0,0,0,0,0.0,8.71,0.0667,0.0909,0.0,139.41,,,0.0,2,False,ent_vs_gen_ggl,control,,synthetic
2026-08-05,LinkedIn,C-LNK-ENT,ai_founders,prospecting,NYC,seed,ai_saas,enterprise,enterprise_ready,3241,21,201.35,16,2,1,0,0,0,0.0,9.59,0.0065,0.125,0.5,100.67,201.35,,0.0,2,False,,,,synthetic
2026-08-05,LinkedIn,C-LNK-FND,startup_operators,prospecting,Remote,seed,fintech,fundraising,enterprise_ready,1833,11,92.54,5,2,0,0,0,0,0.0,8.41,0.006,0.4,0.0,46.27,,,0.0,2,False,,,,synthetic
2026-08-05,Meta,C-MTA-GEN,ai_founders,prospecting,Remote,pre_seed,ai_infra,generic,generic,2464,34,141.19,26,4,1,1,0,0,0.0,4.15,0.0138,0.1538,0.25,35.3,141.19,,0.0,2,False,,,,synthetic
2026-08-05,Meta,C-MTA-AI,saas_founders,prospecting,Remote,pre_seed,ai_saas,enterprise,ai_focused,2093,18,80.4,15,0,0,0,0,0,0.0,4.47,0.0086,0.0,0.0,,,,0.0,2,False,,,,synthetic
2026-08-05,Meta,C-MTA-RET,retargeting,retargeting,Remote,seed,ai_saas,enterprise,enterprise_ready,59,2,5.91,2,0,0,0,0,0,0.0,2.96,0.0339,0.0,0.0,,,,0.0,2,False,,,,synthetic
2026-08-05,Google Search,C-GGL-RET,retargeting,retargeting,Remote,seed,ai_saas,generic,generic,221,7,45.94,7,1,0,0,0,0,0.0,6.56,0.0317,0.1429,0.0,45.94,,,0.0,2,False,,,,synthetic
2026-08-06,Google Search,C-GGL-ENT,ai_founders,prospecting,SF Bay,seed,ai_saas,enterprise,enterprise_ready,889,40,416.79,32,5,2,0,0,0,0.0,10.42,0.045,0.1562,0.4,83.36,208.4,,0.0,3,False,ent_vs_gen_ggl,treatment,,synthetic
2026-08-06,Google Search,C-GGL-GEN,saas_founders,prospecting,Remote,pre_seed,ai_saas,generic,generic,180,12,111.35,9,1,0,0,0,0,0.0,9.28,0.0667,0.1111,0.0,111.35,,,0.0,3,False,ent_vs_gen_ggl,control,,synthetic
2026-08-06,LinkedIn,C-LNK-ENT,ai_founders,prospecting,NYC,seed,ai_saas,enterprise,enterprise_ready,3549,23,195.68,15,2,1,0,0,0,0.0,8.51,0.0065,0.1333,0.5,97.84,195.68,,0.0,3,False,,,,synthetic
2026-08-06,LinkedIn,C-LNK-FND,startup_operators,prospecting,Remote,seed,fintech,fundraising,enterprise_ready,1500,9,76.07,4,1,0,0,0,0,0.0,8.45,0.006,0.25,0.0,76.07,,,0.0,3,False,,,,synthetic
2026-08-06,Meta,C-MTA-GEN,ai_founders,prospecting,Remote,pre_seed,ai_infra,generic,generic,2681,37,151.7,27,1,0,0,0,0,0.0,4.1,0.0138,0.037,0.0,151.7,,,0.0,3,False,,,,synthetic
2026-08-06,Meta,C-MTA-AI,saas_founders,prospecting,Remote,pre_seed,ai_saas,enterprise,ai_focused,1860,16,73.71,10,0,0,0,0,0,0.0,4.61,0.0086,0.0,0.0,,,,0.0,3,False,,,,synthetic
2026-08-06,Meta,C-MTA-RET,retargeting,retargeting,Remote,seed,ai_saas,enterprise,enterprise_ready,89,3,9.0,3,1,0,0,0,0,0.0,3.0,0.0337,0.3333,0.0,9.0,,,0.0,3,False,,,,synthetic
2026-08-06,Google Search,C-GGL-RET,retargeting,retargeting,Remote,seed,ai_saas,generic,generic,221,7,46.34,7,2,1,1,0,0,0.0,6.62,0.0317,0.2857,0.5,23.17,46.34,,0.0,3,False,,,,synthetic
2026-08-07,Google Search,C-GGL-ENT,ai_founders,prospecting,SF Bay,seed,ai_saas,enterprise,enterprise_ready,711,32,365.17,25,3,1,1,0,0,0.0,11.41,0.045,0.12,0.3333,121.72,365.17,,0.0,4,False,ent_vs_gen_ggl,treatment,,synthetic
2026-08-07,Google Search,C-GGL-GEN,saas_founders,prospecting,Remote,pre_seed,ai_saas,generic,generic,195,13,110.87,11,1,0,0,0,0,0.0,8.53,0.0667,0.0909,0.0,110.87,,,0.0,4,False,ent_vs_gen_ggl,control,,synthetic
2026-08-07,LinkedIn,C-LNK-ENT,ai_founders,prospecting,NYC,seed,ai_saas,enterprise,enterprise_ready,2623,17,142.85,11,1,0,0,0,0,0.0,8.4,0.0065,0.0909,0.0,142.85,,,0.0,4,False,,,,synthetic
2026-08-07,LinkedIn,C-LNK-FND,startup_operators,prospecting,Remote,seed,fintech,fundraising,enterprise_ready,1333,8,66.26,4,0,0,0,0,0,0.0,8.28,0.006,0.0,0.0,,,,0.0,4,False,,,,synthetic
2026-08-07,Meta,C-MTA-GEN,ai_founders,prospecting,Remote,pre_seed,ai_infra,generic,generic,2391,33,128.09,25,3,1,0,0,0,0.0,3.88,0.0138,0.12,0.3333,42.7,128.09,,0.0,4,False,,,,synthetic
2026-08-07,Meta,C-MTA-AI,saas_founders,prospecting,Remote,pre_seed,ai_saas,enterprise,ai_focused,1395,12,59.01,6,0,0,0,0,0,0.0,4.92,0.0086,0.0,0.0,,,,0.0,4,False,,,,synthetic
2026-08-07,Meta,C-MTA-RET,retargeting,retargeting,Remote,seed,ai_saas,enterprise,enterprise_ready,89,3,8.56,3,1,1,1,1,1,4435.99,2.85,0.0337,0.3333,1.0,8.56,8.56,8.56,518.2231,4,False,,,,synthetic
2026-08-07,Google Search,C-GGL-RET,retargeting,retargeting,Remote,seed,ai_saas,generic,generic,190,6,36.9,6,0,0,0,0,0,0.0,6.15,0.0316,0.0,0.0,,,,0.0,4,False,,,,synthetic
2026-08-08,Google Search,C-GGL-ENT,ai_founders,prospecting,SF Bay,seed,ai_saas,enterprise,enterprise_ready,222,10,105.44,9,0,0,0,0,0,0.0,10.54,0.045,0.0,0.0,,,,0.0,5,True,ent_vs_gen_ggl,treatment,,synthetic
2026-08-08,Google Search,C-GGL-GEN,saas_founders,prospecting,Remote,pre_seed,ai_saas,generic,generic,90,6,52.92,5,2,0,0,0,0,0.0,8.82,0.0667,0.4,0.0,26.46,,,0.0,5,True,ent_vs_gen_ggl,control,,synthetic
2026-08-08,LinkedIn,C-LNK-ENT,ai_founders,prospecting,NYC,seed,ai_saas,enterprise,enterprise_ready,772,5,45.94,4,0,0,0,0,0,0.0,9.19,0.0065,0.0,0.0,,,,0.0,5,True,,,,synthetic
2026-08-08,LinkedIn,C-LNK-FND,startup_operators,prospecting,Remote,seed,fintech,fundraising,enterprise_ready,1000,6,48.74,5,0,0,0,0,0,0.0,8.12,0.006,0.0,0.0,,,,0.0,5,True,,,,synthetic
2026-08-08,Meta,C-MTA-GEN,ai_founders,prospecting,Remote,pre_seed,ai_infra,generic,generic,942,13,53.13,11,2,1,0,0,0,0.0,4.09,0.0138,0.1818,0.5,26.57,53.13,,0.0,5,True,,,,synthetic
2026-08-08,Meta,C-MTA-AI,saas_founders,prospecting,Remote,pre_seed,ai_saas,enterprise,ai_focused,1279,11,49.13,7,0,0,0,0,0,0.0,4.47,0.0086,0.0,0.0,,,,0.0,5,True,,,,synthetic
2026-08-08,Meta,C-MTA-RET,retargeting,retargeting,Remote,seed,ai_saas,enterprise,enterprise_ready,59,2,6.49,2,2,1,1,1,0,0.0,3.25,0.0339,1.0,0.5,3.25,6.49,,0.0,5,True,,,,synthetic
2026-08-08,Google Search,C-GGL-RET,retargeting,retargeting,Remote,seed,ai_saas,generic,generic,190,6,36.62,6,0,0,0,0,0,0.0,6.1,0.0316,0.0,0.0,,,,0.0,5,True,,,,synthetic
2026-08-09,Google Search,C-GGL-ENT,ai_founders,prospecting,SF Bay,seed,ai_saas,enterprise,enterprise_ready,156,7,81.86,5,0,0,0,0,0,0.0,11.69,0.0449,0.0,0.0,,,,0.0,6,True,ent_vs_gen_ggl,treatment,,synthetic
2026-08-09,Google Search,C-GGL-GEN,saas_founders,prospecting,Remote,pre_seed,ai_saas,generic,generic,90,6,52.83,5,1,1,1,1,0,0.0,8.8,0.0667,0.2,1.0,52.83,52.83,,0.0,6,True,ent_vs_gen_ggl,control,,synthetic
2026-08-09,LinkedIn,C-LNK-ENT,ai_founders,prospecting,NYC,seed,ai_saas,enterprise,enterprise_ready,772,5,46.95,3,1,1,1,0,0,0.0,9.39,0.0065,0.3333,1.0,46.95,46.95,,0.0,6,True,,,,synthetic
2026-08-09,LinkedIn,C-LNK-FND,startup_operators,prospecting,Remote,seed,fintech,fundraising,enterprise_ready,1000,6,51.8,4,2,2,1,1,1,3716.71,8.63,0.006,0.5,1.0,25.9,25.9,51.8,71.7512,6,True,,,,synthetic
2026-08-09,Meta,C-MTA-GEN,ai_founders,prospecting,Remote,pre_seed,ai_infra,generic,generic,870,12,52.01,11,4,0,0,0,0,0.0,4.33,0.0138,0.3636,0.0,13.0,,,0.0,6,True,,,,synthetic
2026-08-09,Meta,C-MTA-AI,saas_founders,prospecting,Remote,pre_seed,ai_saas,enterprise,ai_focused,1279,11,52.21,9,0,0,0,0,0,0.0,4.75,0.0086,0.0,0.0,,,,0.0,6,True,,,,synthetic
2026-08-09,Meta,C-MTA-RET,retargeting,retargeting,Remote,seed,ai_saas,enterprise,enterprise_ready,89,3,9.98,3,2,2,2,2,1,4148.86,3.33,0.0337,0.6667,1.0,4.99,4.99,9.98,415.7174,6,True,,,,synthetic
2026-08-09,Google Search,C-GGL-RET,retargeting,retargeting,Remote,seed,ai_saas,generic,generic,221,7,40.45,7,1,0,0,0,0,0.0,5.78,0.0317,0.1429,0.0,40.45,,,0.0,6,True,,,,synthetic
2026-08-10,Google Search,C-GGL-ENT,ai_founders,prospecting,SF Bay,seed,ai_saas,enterprise,enterprise_ready,248,9,94.21,7,1,1,1,1,1,4851.75,10.47,0.045,0.1429,1.0,94.21,94.21,94.21,51.4993,0,False,ent_vs_gen_ggl,treatment,budget cap / pacing pause; anomaly day,synthetic
2026-08-10,Google Search,C-GGL-GEN,saas_founders,prospecting,Remote,pre_seed,ai_saas,generic,generic,66,3,26.6,1,0,0,0,0,0,0.0,8.87,0.0667,0.0,0.0,,,,0.0,0,False,ent_vs_gen_ggl,control,budget cap / pacing pause; anomaly day,synthetic
2026-08-10,LinkedIn,C-LNK-ENT,ai_founders,prospecting,NYC,seed,ai_saas,enterprise,enterprise_ready,2469,16,140.73,12,3,1,1,0,0,0.0,8.8,0.0065,0.25,0.3333,46.91,140.73,,0.0,0,False,,,,synthetic
2026-08-10,LinkedIn,C-LNK-FND,startup_operators,prospecting,Remote,seed,fintech,fundraising,enterprise_ready,1167,7,58.19,7,0,0,0,0,0,0.0,8.31,0.006,0.0,0.0,,,,0.0,0,False,,,,synthetic
2026-08-10,Meta,C-MTA-GEN,ai_founders,prospecting,Remote,pre_seed,ai_infra,generic,generic,2029,28,111.84,20,2,0,0,0,0,0.0,3.99,0.0138,0.1,0.0,55.92,,,0.0,0,False,,,,synthetic
2026-08-10,Meta,C-MTA-AI,saas_founders,prospecting,Remote,pre_seed,ai_saas,enterprise,ai_focused,1591,13,56.69,11,0,0,0,0,0,0.0,4.36,0.0082,0.0,0.0,,,,0.0,0,False,,,,synthetic
2026-08-10,Meta,C-MTA-RET,retargeting,retargeting,Remote,seed,ai_saas,enterprise,enterprise_ready,89,3,9.14,2,0,0,0,0,0,0.0,3.05,0.0337,0.0,0.0,,,,0.0,0,False,,,,synthetic
2026-08-10,Google Search,C-GGL-RET,retargeting,retargeting,Remote,seed,ai_saas,generic,generic,76,2,12.39,2,0,0,0,0,0,0.0,6.2,0.0316,0.0,0.0,,,,0.0,0,False,,,budget cap / pacing pause; anomaly day,synthetic
2026-08-11,Google Search,C-GGL-ENT,ai_founders,prospecting,SF Bay,seed,ai_saas,enterprise,enterprise_ready,822,37,405.76,30,8,4,3,2,1,4116.63,10.97,0.045,0.2667,0.5,50.72,101.44,405.76,10.1455,1,False,ent_vs_gen_ggl,treatment,,synthetic
2026-08-11,Google Search,C-GGL-GEN,saas_founders,prospecting,Remote,pre_seed,ai_saas,generic,generic,255,17,142.19,13,0,0,0,0,0,0.0,8.36,0.0667,0.0,0.0,,,,0.0,1,False,ent_vs_gen_ggl,control,,synthetic
2026-08-11,LinkedIn,C-LNK-ENT,ai_founders,prospecting,NYC,seed,ai_saas,enterprise,enterprise_ready,3086,20,189.19,15,2,1,0,0,0,0.0,9.46,0.0065,0.1333,0.5,94.59,189.19,,0.0,1,False,,,,synthetic
2026-08-11,LinkedIn,C-LNK-FND,startup_operators,prospecting,Remote,seed,fintech,fundraising,enterprise_ready,1500,9,74.36,8,0,0,0,0,0,0.0,8.26,0.006,0.0,0.0,,,,0.0,1,False,,,,synthetic
2026-08-11,Meta,C-MTA-GEN,ai_founders,prospecting,Remote,pre_seed,ai_infra,generic,generic,2609,36,150.13,29,4,0,0,0,0,0.0,4.17,0.0138,0.1379,0.0,37.53,,,0.0,1,False,,,,synthetic
2026-08-11,Meta,C-MTA-AI,saas_founders,prospecting,Remote,pre_seed,ai_saas,enterprise,ai_focused,2081,17,80.38,15,1,0,0,0,0,0.0,4.73,0.0082,0.0667,0.0,80.38,,,0.0,1,False,,,,synthetic
2026-08-11,Meta,C-MTA-RET,retargeting,retargeting,Remote,seed,ai_saas,enterprise,enterprise_ready,89,3,8.69,3,0,0,0,0,0,0.0,2.9,0.0337,0.0,0.0,,,,0.0,1,False,,,,synthetic
2026-08-11,Google Search,C-GGL-RET,retargeting,retargeting,Remote,seed,ai_saas,generic,generic,190,6,33.36,6,0,0,0,0,0,0.0,5.56,0.0316,0.0,0.0,,,,0.0,1,False,,,,synthetic
2026-08-12,Google Search,C-GGL-ENT,ai_founders,prospecting,SF Bay,seed,ai_saas,enterprise,enterprise_ready,844,38,427.75,25,1,0,0,0,0,0.0,11.26,0.045,0.04,0.0,427.75,,,0.0,2,False,ent_vs_gen_ggl,treatment,,synthetic
2026-08-12,Google Search,C-GGL-GEN,saas_founders,prospecting,Remote,pre_seed,ai_saas,generic,generic,225,15,134.9,12,4,0,0,0,0,0.0,8.99,0.0667,0.3333,0.0,33.73,,,0.0,2,False,ent_vs_gen_ggl,control,,synthetic
2026-08-12,LinkedIn,C-LNK-ENT,ai_founders,prospecting,NYC,seed,ai_saas,enterprise,enterprise_ready,3086,20,189.93,17,1,1,1,0,0,0.0,9.5,0.0065,0.0588,1.0,189.93,189.93,,0.0,2,False,,,,synthetic
2026-08-12,LinkedIn,C-LNK-FND,startup_operators,prospecting,Remote,seed,fintech,fundraising,enterprise_ready,1500,9,69.88,7,0,0,0,0,0,0.0,7.76,0.006,0.0,0.0,,,,0.0,2,False,,,,synthetic
2026-08-12,Meta,C-MTA-GEN,ai_founders,prospecting,Remote,pre_seed,ai_infra,generic,generic,2826,39,155.57,29,4,0,0,0,0,0.0,3.99,0.0138,0.1379,0.0,38.89,,,0.0,2,False,,,,synthetic
2026-08-12,Meta,C-MTA-AI,saas_founders,prospecting,Remote,pre_seed,ai_saas,enterprise,ai_focused,2081,17,77.23,12,2,1,0,0,0,0.0,4.54,0.0082,0.1667,0.5,38.62,77.23,,0.0,2,False,,,,synthetic
2026-08-12,Meta,C-MTA-RET,retargeting,retargeting,Remote,seed,ai_saas,enterprise,enterprise_ready,89,3,9.02,3,1,1,1,1,1,5564.51,3.01,0.0337,0.3333,1.0,9.02,9.02,9.02,616.908,2,False,,,,synthetic
2026-08-12,Google Search,C-GGL-RET,retargeting,retargeting,Remote,seed,ai_saas,generic,generic,190,6,35.34,5,2,2,2,1,0,0.0,5.89,0.0316,0.4,1.0,17.67,17.67,,0.0,2,False,,,,synthetic
2026-08-13,Google Search,C-GGL-ENT,ai_founders,prospecting,SF Bay,seed,ai_saas,enterprise,enterprise_ready,778,35,429.52,29,4,2,2,0,0,0.0,12.27,0.045,0.1379,0.5,107.38,214.76,,0.0,3,False,ent_vs_gen_ggl,treatment,,synthetic
2026-08-13,Google Search,C-GGL-GEN,saas_founders,prospecting,Remote,pre_seed,ai_saas,generic,generic,240,16,133.72,12,1,1,0,0,0,0.0,8.36,0.0667,0.0833,1.0,133.72,133.72,,0.0,3,False,ent_vs_gen_ggl,control,,synthetic
2026-08-13,LinkedIn,C-LNK-ENT,ai_founders,prospecting,NYC,seed,ai_saas,enterprise,enterprise_ready,3395,22,196.42,18,5,2,1,0,0,0.0,8.93,0.0065,0.2778,0.4,39.28,98.21,,0.0,3,False,,,,synthetic
2026-08-13,LinkedIn,C-LNK-FND,startup_operators,prospecting,Remote,seed,fintech,fundraising,enterprise_ready,1500,9,74.44,9,0,0,0,0,0,0.0,8.27,0.006,0.0,0.0,,,,0.0,3,False,,,,synthetic
2026-08-13,Meta,C-MTA-GEN,ai_founders,prospecting,Remote,pre_seed,ai_infra,generic,generic,2754,38,146.03,31,3,0,0,0,0,0.0,3.84,0.0138,0.0968,0.0,48.68,,,0.0,3,False,,,,synthetic
2026-08-13,Meta,C-MTA-AI,saas_founders,prospecting,Remote,pre_seed,ai_saas,enterprise,ai_focused,1836,15,69.45,8,0,0,0,0,0,0.0,4.63,0.0082,0.0,0.0,,,,0.0,3,False,,,,synthetic
2026-08-13,Meta,C-MTA-RET,retargeting,retargeting,Remote,seed,ai_saas,enterprise,enterprise_ready,89,3,9.26,3,0,0,0,0,0,0.0,3.09,0.0337,0.0,0.0,,,,0.0,3,False,,,,synthetic
2026-08-13,Google Search,C-GGL-RET,retargeting,retargeting,Remote,seed,ai_saas,generic,generic,190,6,36.28,5,0,0,0,0,0,0.0,6.05,0.0316,0.0,0.0,,,,0.0,3,False,,,,synthetic
2026-08-14,Google Search,C-GGL-ENT,ai_founders,prospecting,SF Bay,seed,ai_saas,enterprise,enterprise_ready,622,28,324.38,22,8,7,3,1,0,0.0,11.58,0.045,0.3636,0.875,40.55,46.34,,0.0,4,False,ent_vs_gen_ggl,treatment,,synthetic
2026-08-14,Google Search,C-GGL-GEN,saas_founders,prospecting,Remote,pre_seed,ai_saas,generic,generic,165,11,94.37,10,1,0,0,0,0,0.0,8.58,0.0667,0.1,0.0,94.37,,,0.0,4,False,ent_vs_gen_ggl,control,,synthetic
2026-08-14,LinkedIn,C-LNK-ENT,ai_founders,prospecting,NYC,seed,ai_saas,enterprise,enterprise_ready,2778,18,151.78,12,1,1,1,0,0,0.0,8.43,0.0065,0.0833,1.0,151.78,151.78,,0.0,4,False,,,,synthetic
2026-08-14,LinkedIn,C-LNK-FND,startup_operators,prospecting,Remote,seed,fintech,fundraising,enterprise_ready,1333,8,62.7,7,0,0,0,0,0,0.0,7.84,0.006,0.0,0.0,,,,0.0,4,False,,,,synthetic
2026-08-14,Meta,C-MTA-GEN,ai_founders,prospecting,Remote,pre_seed,ai_infra,generic,generic,2246,31,118.66,24,2,0,0,0,0,0.0,3.83,0.0138,0.0833,0.0,59.33,,,0.0,4,False,,,,synthetic
2026-08-14,Meta,C-MTA-AI,saas_founders,prospecting,Remote,pre_seed,ai_saas,enterprise,ai_focused,1713,14,59.22,12,0,0,0,0,0,0.0,4.23,0.0082,0.0,0.0,,,,0.0,4,False,,,,synthetic
2026-08-14,Meta,C-MTA-RET,retargeting,retargeting,Remote,seed,ai_saas,enterprise,enterprise_ready,89,3,9.62,3,1,0,0,0,0,0.0,3.21,0.0337,0.3333,0.0,9.62,,,0.0,4,False,,,,synthetic
2026-08-14,Google Search,C-GGL-RET,retargeting,retargeting,Remote,seed,ai_saas,generic,generic,190,6,36.97,6,1,1,1,0,0,0.0,6.16,0.0316,0.1667,1.0,36.97,36.97,,0.0,4,False,,,,synthetic
2026-08-15,Google Search,C-GGL-ENT,ai_founders,prospecting,SF Bay,seed,ai_saas,enterprise,enterprise_ready,178,8,89.61,8,3,1,1,0,0,0.0,11.2,0.0449,0.375,0.3333,29.87,89.61,,0.0,5,True,ent_vs_gen_ggl,treatment,,synthetic
2026-08-15,Google Search,C-GGL-GEN,saas_founders,prospecting,Remote,pre_seed,ai_saas,generic,generic,90,6,50.1,4,1,0,0,0,0,0.0,8.35,0.0667,0.25,0.0,50.1,,,0.0,5,True,ent_vs_gen_ggl,control,,synthetic
2026-08-15,LinkedIn,C-LNK-ENT,ai_founders,prospecting,NYC,seed,ai_saas,enterprise,enterprise_ready,926,6,56.1,3,0,0,0,0,0,0.0,9.35,0.0065,0.0,0.0,,,,0.0,5,True,,,,synthetic
2026-08-15,LinkedIn,C-LNK-FND,startup_operators,prospecting,Remote,seed,fintech,fundraising,enterprise_ready,1167,7,53.75,7,1,1,0,0,0,0.0,7.68,0.006,0.1429,1.0,53.75,53.75,,0.0,5,True,,,,synthetic
2026-08-15,Meta,C-MTA-GEN,ai_founders,prospecting,Remote,pre_seed,ai_infra,generic,generic,1159,16,62.65,14,1,0,0,0,0,0.0,3.92,0.0138,0.0714,0.0,62.65,,,0.0,5,True,,,,synthetic
2026-08-15,Meta,C-MTA-AI,saas_founders,prospecting,Remote,pre_seed,ai_saas,enterprise,ai_focused,1346,11,50.95,8,1,0,0,0,0,0.0,4.63,0.0082,0.125,0.0,50.95,,,0.0,5,True,,,,synthetic
2026-08-15,Meta,C-MTA-RET,retargeting,retargeting,Remote,seed,ai_saas,enterprise,enterprise_ready,89,3,8.6,2,0,0,0,0,0,0.0,2.87,0.0337,0.0,0.0,,,,0.0,5,True,,,,synthetic
2026-08-15,Google Search,C-GGL-RET,retargeting,retargeting,Remote,seed,ai_saas,generic,generic,221,7,42.23,7,0,0,0,0,0,0.0,6.03,0.0317,0.0,0.0,,,,0.0,5,True,,,,synthetic
2026-08-16,Google Search,C-GGL-ENT,ai_founders,prospecting,SF Bay,seed,ai_saas,enterprise,enterprise_ready,200,9,97.81,8,0,0,0,0,0,0.0,10.87,0.045,0.0,0.0,,,,0.0,6,True,ent_vs_gen_ggl,treatment,,synthetic
2026-08-16,Google Search,C-GGL-GEN,saas_founders,prospecting,Remote,pre_seed,ai_saas,generic,generic,75,5,48.26,4,2,0,0,0,0,0.0,9.65,0.0667,0.5,0.0,24.13,,,0.0,6,True,ent_vs_gen_ggl,control,,synthetic
2026-08-16,LinkedIn,C-LNK-ENT,ai_founders,prospecting,NYC,seed,ai_saas,enterprise,enterprise_ready,772,5,48.23,3,0,0,0,0,0,0.0,9.65,0.0065,0.0,0.0,,,,0.0,6,True,,,,synthetic
2026-08-16,LinkedIn,C-LNK-FND,startup_operators,prospecting,Remote,seed,fintech,fundraising,enterprise_ready,1000,6,49.02,5,0,0,0,0,0,0.0,8.17,0.006,0.0,0.0,,,,0.0,6,True,,,,synthetic
2026-08-16,Meta,C-MTA-GEN,ai_founders,prospecting,Remote,pre_seed,ai_infra,generic,generic,870,12,48.62,8,0,0,0,0,0,0.0,4.05,0.0138,0.0,0.0,,,,0.0,6,True,,,,synthetic
2026-08-16,Meta,C-MTA-AI,saas_founders,prospecting,Remote,pre_seed,ai_saas,enterprise,ai_focused,1346,11,47.9,8,2,1,1,0,0,0.0,4.35,0.0082,0.25,0.5,23.95,47.9,,0.0,6,True,,,,synthetic
2026-08-16,Meta,C-MTA-RET,retargeting,retargeting,Remote,seed,ai_saas,enterprise,enterprise_ready,89,3,9.38,2,1,1,1,1,0,0.0,3.13,0.0337,0.5,1.0,9.38,9.38,,0.0,6,True,,,,synthetic
2026-08-16,Google Search,C-GGL-RET,retargeting,retargeting,Remote,seed,ai_saas,generic,generic,221,7,42.82,6,2,1,0,0,0,0.0,6.12,0.0317,0.3333,0.5,21.41,42.82,,0.0,6,True,,,,synthetic
2026-08-17,Google Search,C-GGL-ENT,ai_founders,prospecting,SF Bay,seed,ai_saas,enterprise,enterprise_ready,644,29,340.88,24,1,1,1,0,0,0.0,11.75,0.045,0.0417,1.0,340.88,340.88,,0.0,0,False,ent_vs_gen_ggl,treatment,,synthetic
2026-08-17,Google Search,C-GGL-GEN,saas_founders,prospecting,Remote,pre_seed,ai_saas,generic,generic,180,12,107.43,12,3,0,0,0,0,0.0,8.95,0.0667,0.25,0.0,35.81,,,0.0,0,False,ent_vs_gen_ggl,control,,synthetic
2026-08-17,LinkedIn,C-LNK-ENT,ai_founders,prospecting,NYC,seed,ai_saas,enterprise,enterprise_ready,2469,16,147.32,14,3,2,1,0,0,0.0,9.21,0.0065,0.2143,0.6667,49.11,73.66,,0.0,0,False,,,,synthetic
2026-08-17,LinkedIn,C-LNK-FND,startup_operators,prospecting,Remote,seed,fintech,fundraising,enterprise_ready,1333,8,64.37,6,2,1,0,0,0,0.0,8.05,0.006,0.3333,0.5,32.19,64.37,,0.0,0,False,,,,synthetic
2026-08-17,Meta,C-MTA-GEN,ai_founders,prospecting,Remote,pre_seed,ai_infra,generic,generic,2101,29,114.61,22,6,1,1,0,0,0.0,3.95,0.0138,0.2727,0.1667,19.1,114.61,,0.0,0,False,,,,synthetic
2026-08-17,Meta,C-MTA-AI,saas_founders,prospecting,Remote,pre_seed,ai_saas,enterprise,ai_focused,1804,14,58.39,8,1,0,0,0,0,0.0,4.17,0.0078,0.125,0.0,58.39,,,0.0,0,False,,,,synthetic
2026-08-17,Meta,C-MTA-RET,retargeting,retargeting,Remote,seed,ai_saas,enterprise,enterprise_ready,59,2,5.72,2,0,0,0,0,0,0.0,2.86,0.0339,0.0,0.0,,,,0.0,0,False,,,,synthetic
2026-08-17,Google Search,C-GGL-RET,retargeting,retargeting,Remote,seed,ai_saas,generic,generic,158,5,30.36,4,0,0,0,0,0,0.0,6.07,0.0316,0.0,0.0,,,,0.0,0,False,,,,synthetic
2026-08-18,Google Search,C-GGL-ENT,ai_founders,prospecting,SF Bay,seed,ai_saas,enterprise,enterprise_ready,800,36,420.85,31,5,3,2,0,0,0.0,11.69,0.045,0.1613,0.6,84.17,140.28,,0.0,1,False,ent_vs_gen_ggl,treatment,,synthetic
2026-08-18,Google Search,C-GGL-GEN,saas_founders,prospecting,Remote,pre_seed,ai_saas,generic,generic,210,14,125.08,10,1,0,0,0,0,0.0,8.93,0.0667,0.1,0.0,125.08,,,0.0,1,False,ent_vs_gen_ggl,control,,synthetic
2026-08-18,LinkedIn,C-LNK-ENT,ai_founders,prospecting,NYC,seed,ai_saas,enterprise,enterprise_ready,3241,21,184.59,16,0,0,0,0,0,0.0,8.79,0.0065,0.0,0.0,,,,0.0,1,False,,,,synthetic
2026-08-18,LinkedIn,C-LNK-FND,startup_operators,prospecting,Remote,seed,fintech,fundraising,enterprise_ready,1667,10,84.14,10,0,0,0,0,0,0.0,8.41,0.006,0.0,0.0,,,,0.0,1,False,,,,synthetic
2026-08-18,Meta,C-MTA-GEN,ai_founders,prospecting,Remote,pre_seed,ai_infra,generic,generic,2754,38,146.57,29,2,0,0,0,0,0.0,3.86,0.0138,0.069,0.0,73.28,,,0.0,1,False,,,,synthetic
2026-08-18,Meta,C-MTA-AI,saas_founders,prospecting,Remote,pre_seed,ai_saas,enterprise,ai_focused,2061,16,70.77,11,1,0,0,0,0,0.0,4.42,0.0078,0.0909,0.0,70.77,,,0.0,1,False,,,,synthetic
2026-08-18,Meta,C-MTA-RET,retargeting,retargeting,Remote,seed,ai_saas,enterprise,enterprise_ready,89,3,10.7,2,1,1,1,0,0,0.0,3.57,0.0337,0.5,1.0,10.7,10.7,,0.0,1,False,,,,synthetic
2026-08-18,Google Search,C-GGL-RET,retargeting,retargeting,Remote,seed,ai_saas,generic,generic,190,6,36.1,5,0,0,0,0,0,0.0,6.02,0.0316,0.0,0.0,,,,0.0,1,False,,,,synthetic
2026-08-19,Google Search,C-GGL-ENT,ai_founders,prospecting,SF Bay,seed,ai_saas,enterprise,enterprise_ready,844,38,435.37,27,2,0,0,0,0,0.0,11.46,0.045,0.0741,0.0,217.69,,,0.0,2,False,ent_vs_gen_ggl,treatment,,synthetic
2026-08-19,Google Search,C-GGL-GEN,saas_founders,prospecting,Remote,pre_seed,ai_saas,generic,generic,210,14,124.99,8,2,0,0,0,0,0.0,8.93,0.0667,0.25,0.0,62.49,,,0.0,2,False,ent_vs_gen_ggl,control,,synthetic
2026-08-19,LinkedIn,C-LNK-ENT,ai_founders,prospecting,NYC,seed,ai_saas,enterprise,enterprise_ready,3241,21,190.72,17,3,1,0,0,0,0.0,9.08,0.0065,0.1765,0.3333,63.57,190.72,,0.0,2,False,,,,synthetic
2026-08-19,LinkedIn,C-LNK-FND,startup_operators,prospecting,Remote,seed,fintech,fundraising,enterprise_ready,1667,10,79.04,10,1,0,0,0,0,0.0,7.9,0.006,0.1,0.0,79.04,,,0.0,2,False,,,,synthetic
2026-08-19,Meta,C-MTA-GEN,ai_founders,prospecting,Remote,pre_seed,ai_infra,generic,generic,2971,41,166.93,33,4,0,0,0,0,0.0,4.07,0.0138,0.1212,0.0,41.73,,,0.0,2,False,,,,synthetic
2026-08-19,Meta,C-MTA-AI,saas_founders,prospecting,Remote,pre_seed,ai_saas,enterprise,ai_focused,2319,18,80.61,15,4,2,0,0,0,0.0,4.48,0.0078,0.2667,0.5,20.15,40.3,,0.0,2,False,,,,synthetic
2026-08-19,Meta,C-MTA-RET,retargeting,retargeting,Remote,seed,ai_saas,enterprise,enterprise_ready,89,3,9.71,3,0,0,0,0,0,0.0,3.24,0.0337,0.0,0.0,,,,0.0,2,False,,,,synthetic
2026-08-19,Google Search,C-GGL-RET,retargeting,retargeting,Remote,seed,ai_saas,generic,generic,190,6,35.34,5,4,2,0,0,0,0.0,5.89,0.0316,0.8,0.5,8.84,17.67,,0.0,2,False,,,,synthetic
2026-08-20,Google Search,C-GGL-ENT,ai_founders,prospecting,SF Bay,seed,ai_saas,enterprise,enterprise_ready,844,38,451.64,26,5,3,2,0,0,0.0,11.89,0.045,0.1923,0.6,90.33,150.55,,0.0,3,False,ent_vs_gen_ggl,treatment,,synthetic
2026-08-20,Google Search,C-GGL-GEN,saas_founders,prospecting,Remote,pre_seed,ai_saas,generic,generic,240,16,147.55,11,3,1,1,0,0,0.0,9.22,0.0667,0.2727,0.3333,49.18,147.55,,0.0,3,False,ent_vs_gen_ggl,control,,synthetic
2026-08-20,LinkedIn,C-LNK-ENT,ai_founders,prospecting,NYC,seed,ai_saas,enterprise,enterprise_ready,3086,20,176.2,15,0,0,0,0,0,0.0,8.81,0.0065,0.0,0.0,,,,0.0,3,False,,,,synthetic
2026-08-20,LinkedIn,C-LNK-FND,startup_operators,prospecting,Remote,seed,fintech,fundraising,enterprise_ready,1500,9,76.3,9,2,2,1,1,0,0.0,8.48,0.006,0.2222,1.0,38.15,38.15,,0.0,3,False,,,,synthetic
2026-08-20,Meta,C-MTA-GEN,ai_founders,prospecting,Remote,pre_seed,ai_infra,generic,generic,2681,37,149.46,27,1,0,0,0,0,0.0,4.04,0.0138,0.037,0.0,149.46,,,0.0,3,False,,,,synthetic
2026-08-20,Meta,C-MTA-AI,saas_founders,prospecting,Remote,pre_seed,ai_saas,enterprise,ai_focused,2190,17,73.49,9,1,1,0,0,0,0.0,4.32,0.0078,0.1111,1.0,73.49,73.49,,0.0,3,False,,,,synthetic
2026-08-20,Meta,C-MTA-RET,retargeting,retargeting,Remote,seed,ai_saas,enterprise,enterprise_ready,89,3,9.79,3,2,1,0,0,0,0.0,3.26,0.0337,0.6667,0.5,4.89,9.79,,0.0,3,False,,,,synthetic
2026-08-20,Google Search,C-GGL-RET,retargeting,retargeting,Remote,seed,ai_saas,generic,generic,190,6,38.89,5,1,0,0,0,0,0.0,6.48,0.0316,0.2,0.0,38.89,,,0.0,3,False,,,,synthetic
2026-08-21,Google Search,C-GGL-ENT,ai_founders,prospecting,SF Bay,seed,ai_saas,enterprise,enterprise_ready,756,34,369.79,29,4,1,1,0,0,0.0,10.88,0.045,0.1379,0.25,92.45,369.79,,0.0,4,False,ent_vs_gen_ggl,treatment,,synthetic
2026-08-21,Google Search,C-GGL-GEN,saas_founders,prospecting,Remote,pre_seed,ai_saas,generic,generic,180,12,106.41,9,0,0,0,0,0,0.0,8.87,0.0667,0.0,0.0,,,,0.0,4,False,ent_vs_gen_ggl,control,,synthetic
2026-08-21,LinkedIn,C-LNK-ENT,ai_founders,prospecting,NYC,seed,ai_saas,enterprise,enterprise_ready,2932,19,171.29,16,1,1,0,0,0,0.0,9.02,0.0065,0.0625,1.0,171.29,171.29,,0.0,4,False,,,,synthetic
2026-08-21,LinkedIn,C-LNK-FND,startup_operators,prospecting,Remote,seed,fintech,fundraising,enterprise_ready,1333,8,63.55,6,1,1,0,0,0,0.0,7.94,0.006,0.1667,1.0,63.55,63.55,,0.0,4,False,,,,synthetic
2026-08-21,Meta,C-MTA-GEN,ai_founders,prospecting,Remote,pre_seed,ai_infra,generic,generic,2319,32,119.56,25,2,1,0,0,0,0.0,3.74,0.0138,0.08,0.5,59.78,119.56,,0.0,4,False,,,,synthetic
2026-08-21,Meta,C-MTA-AI,saas_founders,prospecting,Remote,pre_seed,ai_saas,enterprise,ai_focused,1546,12,59.34,12,0,0,0,0,0,0.0,4.95,0.0078,0.0,0.0,,,,0.0,4,False,,,,synthetic
2026-08-21,Meta,C-MTA-RET,retargeting,retargeting,Remote,seed,ai_saas,enterprise,enterprise_ready,89,3,8.85,2,0,0,0,0,0,0.0,2.95,0.0337,0.0,0.0,,,,0.0,4,False,,,,synthetic
2026-08-21,Google Search,C-GGL-RET,retargeting,retargeting,Remote,seed,ai_saas,generic,generic,190,6,32.45,6,2,1,0,0,0,0.0,5.41,0.0316,0.3333,0.5,16.23,32.45,,0.0,4,False,,,,synthetic
2026-08-22,Google Search,C-GGL-ENT,ai_founders,prospecting,SF Bay,seed,ai_saas,enterprise,enterprise_ready,200,9,104.39,8,1,0,0,0,0,0.0,11.6,0.045,0.125,0.0,104.39,,,0.0,5,True,ent_vs_gen_ggl,treatment,,synthetic
2026-08-22,Google Search,C-GGL-GEN,saas_founders,prospecting,Remote,pre_seed,ai_saas,generic,generic,90,6,48.27,6,0,0,0,0,0,0.0,8.04,0.0667,0.0,0.0,,,,0.0,5,True,ent_vs_gen_ggl,control,,synthetic
2026-08-22,LinkedIn,C-LNK-ENT,ai_founders,prospecting,NYC,seed,ai_saas,enterprise,enterprise_ready,926,6,56.04,4,0,0,0,0,0,0.0,9.34,0.0065,0.0,0.0,,,,0.0,5,True,,,,synthetic
2026-08-22,LinkedIn,C-LNK-FND,startup_operators,prospecting,Remote,seed,fintech,fundraising,enterprise_ready,1000,6,52.38,5,0,0,0,0,0,0.0,8.73,0.006,0.0,0.0,,,,0.0,5,True,,,,synthetic
2026-08-22,Meta,C-MTA-GEN,ai_founders,prospecting,Remote,pre_seed,ai_infra,generic,generic,1087,15,59.4,10,3,0,0,0,0,0.0,3.96,0.0138,0.3,0.0,19.8,,,0.0,5,True,,,,synthetic
2026-08-22,Meta,C-MTA-AI,saas_founders,prospecting,Remote,pre_seed,ai_saas,enterprise,ai_focused,1417,11,48.97,8,0,0,0,0,0,0.0,4.45,0.0078,0.0,0.0,,,,0.0,5,True,,,,synthetic
2026-08-22,Meta,C-MTA-RET,retargeting,retargeting,Remote,seed,ai_saas,enterprise,enterprise_ready,89,3,9.31,3,0,0,0,0,0,0.0,3.1,0.0337,0.0,0.0,,,,0.0,5,True,,,,synthetic
2026-08-22,Google Search,C-GGL-RET,retargeting,retargeting,Remote,seed,ai_saas,generic,generic,253,8,46.59,7,1,1,1,0,0,0.0,5.82,0.0316,0.1429,1.0,46.59,46.59,,0.0,5,True,,,,synthetic
2026-08-23,Google Search,C-GGL-ENT,ai_founders,prospecting,SF Bay,seed,ai_saas,enterprise,enterprise_ready,200,9,98.26,4,0,0,0,0,0,0.0,10.92,0.045,0.0,0.0,,,,0.0,6,True,ent_vs_gen_ggl,treatment,,synthetic
2026-08-23,Google Search,C-GGL-GEN,saas_founders,prospecting,Remote,pre_seed,ai_saas,generic,generic,90,6,51.82,6,1,0,0,0,0,0.0,8.64,0.0667,0.1667,0.0,51.82,,,0.0,6,True,ent_vs_gen_ggl,control,,synthetic
2026-08-23,LinkedIn,C-LNK-ENT,ai_founders,prospecting,NYC,seed,ai_saas,enterprise,enterprise_ready,772,5,47.62,2,0,0,0,0,0,0.0,9.52,0.0065,0.0,0.0,,,,0.0,6,True,,,,synthetic
2026-08-23,LinkedIn,C-LNK-FND,startup_operators,prospecting,Remote,seed,fintech,fundraising,enterprise_ready,1167,7,53.02,4,0,0,0,0,0,0.0,7.57,0.006,0.0,0.0,,,,0.0,6,True,,,,synthetic
2026-08-23,Meta,C-MTA-GEN,ai_founders,prospecting,Remote,pre_seed,ai_infra,generic,generic,870,12,50.42,9,1,1,1,0,0,0.0,4.2,0.0138,0.1111,1.0,50.42,50.42,,0.0,6,True,,,,synthetic
2026-08-23,Meta,C-MTA-AI,saas_founders,prospecting,Remote,pre_seed,ai_saas,enterprise,ai_focused,1546,12,51.8,9,1,1,0,0,0,0.0,4.32,0.0078,0.1111,1.0,51.8,51.8,,0.0,6,True,,,,synthetic
2026-08-23,Meta,C-MTA-RET,retargeting,retargeting,Remote,seed,ai_saas,enterprise,enterprise_ready,59,2,5.7,2,0,0,0,0,0,0.0,2.85,0.0339,0.0,0.0,,,,0.0,6,True,,,,synthetic
2026-08-23,Google Search,C-GGL-RET,retargeting,retargeting,Remote,seed,ai_saas,generic,generic,221,7,45.7,6,2,2,0,0,0,0.0,6.53,0.0317,0.3333,1.0,22.85,22.85,,0.0,6,True,,,,synthetic
2026-08-24,Google Search,C-GGL-ENT,ai_founders,prospecting,SF Bay,seed,ai_saas,enterprise,enterprise_ready,733,33,358.08,24,3,0,0,0,0,0.0,10.85,0.045,0.125,0.0,119.36,,,0.0,0,False,ent_vs_gen_ggl,treatment,,synthetic
2026-08-24,Google Search,C-GGL-GEN,saas_founders,prospecting,Remote,pre_seed,ai_saas,generic,generic,180,12,111.65,9,1,1,1,0,0,0.0,9.3,0.0667,0.1111,1.0,111.65,111.65,,0.0,0,False,ent_vs_gen_ggl,control,,synthetic
2026-08-24,LinkedIn,C-LNK-ENT,ai_founders,prospecting,NYC,seed,ai_saas,enterprise,enterprise_ready,2778,18,153.0,13,1,1,1,1,1,4818.65,8.5,0.0065,0.0769,1.0,153.0,153.0,153.0,31.4944,0,False,,,,synthetic
2026-08-24,LinkedIn,C-LNK-FND,startup_operators,prospecting,Remote,seed,fintech,fundraising,enterprise_ready,1333,8,67.71,8,3,2,2,0,0,0.0,8.46,0.006,0.375,0.6667,22.57,33.85,,0.0,0,False,,,,synthetic
2026-08-24,Meta,C-MTA-GEN,ai_founders,prospecting,Remote,pre_seed,ai_infra,generic,generic,2174,30,115.59,25,1,0,0,0,0,0.0,3.85,0.0138,0.04,0.0,115.59,,,0.0,0,False,,,,synthetic
2026-08-24,Meta,C-MTA-AI,saas_founders,prospecting,Remote,pre_seed,ai_saas,enterprise,ai_focused,1899,14,63.97,9,1,1,0,0,0,0.0,4.57,0.0074,0.1111,1.0,63.97,63.97,,0.0,0,False,,,,synthetic
2026-08-24,Meta,C-MTA-RET,retargeting,retargeting,Remote,seed,ai_saas,enterprise,enterprise_ready,89,3,8.85,2,0,0,0,0,0,0.0,2.95,0.0337,0.0,0.0,,,,0.0,0,False,,,,synthetic
2026-08-24,Google Search,C-GGL-RET,retargeting,retargeting,Remote,seed,ai_saas,generic,generic,190,6,38.9,5,0,0,0,0,0,0.0,6.48,0.0316,0.0,0.0,,,,0.0,0,False,,,,synthetic
2026-08-25,Google Search,C-GGL-ENT,ai_founders,prospecting,SF Bay,seed,ai_saas,enterprise,enterprise_ready,756,34,429.86,24,2,2,2,1,0,0.0,12.64,0.045,0.0833,1.0,214.93,214.93,,0.0,1,False,ent_vs_gen_ggl,treatment,,synthetic
2026-08-25,Google Search,C-GGL-GEN,saas_founders,prospecting,Remote,pre_seed,ai_saas,generic,generic,240,16,135.8,9,2,1,0,0,0,0.0,8.49,0.0667,0.2222,0.5,67.9,135.8,,0.0,1,False,ent_vs_gen_ggl,control,,synthetic
2026-08-25,LinkedIn,C-LNK-ENT,ai_founders,prospecting,NYC,seed,ai_saas,enterprise,enterprise_ready,3395,22,201.56,19,2,1,1,0,0,0.0,9.16,0.0065,0.1053,0.5,100.78,201.56,,0.0,1,False,,,,synthetic
2026-08-25,LinkedIn,C-LNK-FND,startup_operators,prospecting,Remote,seed,fintech,fundraising,enterprise_ready,1667,10,78.21,8,0,0,0,0,0,0.0,7.82,0.006,0.0,0.0,,,,0.0,1,False,,,,synthetic
2026-08-25,Meta,C-MTA-GEN,ai_founders,prospecting,Remote,pre_seed,ai_infra,generic,generic,2899,40,144.92,30,4,0,0,0,0,0.0,3.62,0.0138,0.1333,0.0,36.23,,,0.0,1,False,,,,synthetic
2026-08-25,Meta,C-MTA-AI,saas_founders,prospecting,Remote,pre_seed,ai_saas,enterprise,ai_focused,2034,15,71.24,7,1,0,0,0,0,0.0,4.75,0.0074,0.1429,0.0,71.24,,,0.0,1,False,,,,synthetic
2026-08-25,Meta,C-MTA-RET,retargeting,retargeting,Remote,seed,ai_saas,enterprise,enterprise_ready,89,3,9.41,3,1,1,1,1,1,4689.35,3.14,0.0337,0.3333,1.0,9.41,9.41,9.41,498.3369,1,False,,,,synthetic
2026-08-25,Google Search,C-GGL-RET,retargeting,retargeting,Remote,seed,ai_saas,generic,generic,221,7,39.31,5,0,0,0,0,0,0.0,5.62,0.0317,0.0,0.0,,,,0.0,1,False,,,,synthetic
2026-08-26,Google Search,C-GGL-ENT,ai_founders,prospecting,SF Bay,seed,ai_saas,enterprise,enterprise_ready,889,40,452.69,32,4,1,1,0,0,0.0,11.32,0.045,0.125,0.25,113.17,452.69,,0.0,2,False,ent_vs_gen_ggl,treatment,,synthetic
2026-08-26,Google Search,C-GGL-GEN,saas_founders,prospecting,Remote,pre_seed,ai_saas,generic,generic,255,17,150.26,15,1,0,0,0,0,0.0,8.84,0.0667,0.0667,0.0,150.26,,,0.0,2,False,ent_vs_gen_ggl,control,,synthetic
2026-08-26,LinkedIn,C-LNK-ENT,ai_founders,prospecting,NYC,seed,ai_saas,enterprise,enterprise_ready,3241,21,194.72,11,3,3,2,1,1,4964.59,9.27,0.0065,0.2727,1.0,64.91,64.91,194.72,25.496,2,False,,,,synthetic
2026-08-26,LinkedIn,C-LNK-FND,startup_operators,prospecting,Remote,seed,fintech,fundraising,enterprise_ready,2000,12,84.31,8,2,2,1,0,0,0.0,7.03,0.006,0.25,1.0,42.16,42.16,,0.0,2,False,,,,synthetic
2026-08-26,Meta,C-MTA-GEN,ai_founders,prospecting,Remote,pre_seed,ai_infra,generic,generic,2609,36,159.18,31,4,0,0,0,0,0.0,4.42,0.0138,0.129,0.0,39.8,,,0.0,2,False,,,,synthetic
2026-08-26,Meta,C-MTA-AI,saas_founders,prospecting,Remote,pre_seed,ai_saas,enterprise,ai_focused,2170,16,75.43,13,0,0,0,0,0,0.0,4.71,0.0074,0.0,0.0,,,,0.0,2,False,,,,synthetic
2026-08-26,Meta,C-MTA-RET,retargeting,retargeting,Remote,seed,ai_saas,enterprise,enterprise_ready,59,2,6.13,2,0,0,0,0,0,0.0,3.06,0.0339,0.0,0.0,,,,0.0,2,False,,,,synthetic
2026-08-26,Google Search,C-GGL-RET,retargeting,retargeting,Remote,seed,ai_saas,generic,generic,221,7,46.58,7,1,1,1,1,0,0.0,6.65,0.0317,0.1429,1.0,46.58,46.58,,0.0,2,False,,,,synthetic
2026-08-27,Google Search,C-GGL-ENT,ai_founders,prospecting,SF Bay,seed,ai_saas,enterprise,enterprise_ready,800,36,421.34,29,5,2,2,1,1,4942.24,11.7,0.045,0.1724,0.4,84.27,210.67,421.34,11.7298,3,False,ent_vs_gen_ggl,treatment,,synthetic
2026-08-27,Google Search,C-GGL-GEN,saas_founders,prospecting,Remote,pre_seed,ai_saas,generic,generic,270,18,143.44,15,1,0,0,0,0,0.0,7.97,0.0667,0.0667,0.0,143.44,,,0.0,3,False,ent_vs_gen_ggl,control,,synthetic
2026-08-27,LinkedIn,C-LNK-ENT,ai_founders,prospecting,NYC,seed,ai_saas,enterprise,enterprise_ready,3395,22,198.03,18,3,3,2,2,1,5198.6,9.0,0.0065,0.1667,1.0,66.01,66.01,198.03,26.2516,3,False,,,,synthetic
2026-08-27,LinkedIn,C-LNK-FND,startup_operators,prospecting,Remote,seed,fintech,fundraising,enterprise_ready,1833,11,92.64,9,0,0,0,0,0,0.0,8.42,0.006,0.0,0.0,,,,0.0,3,False,,,,synthetic
2026-08-27,Meta,C-MTA-GEN,ai_founders,prospecting,Remote,pre_seed,ai_infra,generic,generic,2609,36,147.55,27,1,0,0,0,0,0.0,4.1,0.0138,0.037,0.0,147.55,,,0.0,3,False,,,,synthetic
2026-08-27,Meta,C-MTA-AI,saas_founders,prospecting,Remote,pre_seed,ai_saas,enterprise,ai_focused,2034,15,75.33,11,0,0,0,0,0,0.0,5.02,0.0074,0.0,0.0,,,,0.0,3,False,,,,synthetic
2026-08-27,Meta,C-MTA-RET,retargeting,retargeting,Remote,seed,ai_saas,enterprise,enterprise_ready,89,3,7.85,2,1,1,1,0,0,0.0,2.62,0.0337,0.5,1.0,7.85,7.85,,0.0,3,False,,,,synthetic
2026-08-27,Google Search,C-GGL-RET,retargeting,retargeting,Remote,seed,ai_saas,generic,generic,190,6,37.62,6,0,0,0,0,0,0.0,6.27,0.0316,0.0,0.0,,,,0.0,3,False,,,,synthetic
2026-08-28,Google Search,C-GGL-ENT,ai_founders,prospecting,SF Bay,seed,ai_saas,enterprise,enterprise_ready,689,31,322.17,27,3,2,2,1,1,4570.69,10.39,0.045,0.1111,0.6667,107.39,161.09,322.17,14.1872,4,False,ent_vs_gen_ggl,treatment,,synthetic
2026-08-28,Google Search,C-GGL-GEN,saas_founders,prospecting,Remote,pre_seed,ai_saas,generic,generic,165,11,103.12,10,3,1,0,0,0,0.0,9.37,0.0667,0.3,0.3333,34.37,103.12,,0.0,4,False,ent_vs_gen_ggl,control,,synthetic
2026-08-28,LinkedIn,C-LNK-ENT,ai_founders,prospecting,NYC,seed,ai_saas,enterprise,enterprise_ready,2778,18,158.14,15,2,1,1,1,1,4805.29,8.79,0.0065,0.1333,0.5,79.07,158.14,158.14,30.3863,4,False,,,,synthetic
2026-08-28,LinkedIn,C-LNK-FND,startup_operators,prospecting,Remote,seed,fintech,fundraising,enterprise_ready,1500,9,69.91,9,0,0,0,0,0,0.0,7.77,0.006,0.0,0.0,,,,0.0,4,False,,,,synthetic
2026-08-28,Meta,C-MTA-GEN,ai_founders,prospecting,Remote,pre_seed,ai_infra,generic,generic,2029,28,111.64,21,2,2,1,0,0,0.0,3.99,0.0138,0.0952,1.0,55.82,55.82,,0.0,4,False,,,,synthetic
2026-08-28,Meta,C-MTA-AI,saas_founders,prospecting,Remote,pre_seed,ai_saas,enterprise,ai_focused,2170,16,70.2,11,0,0,0,0,0,0.0,4.39,0.0074,0.0,0.0,,,,0.0,4,False,,,,synthetic
2026-08-28,Meta,C-MTA-RET,retargeting,retargeting,Remote,seed,ai_saas,enterprise,enterprise_ready,89,3,9.2,2,0,0,0,0,0,0.0,3.07,0.0337,0.0,0.0,,,,0.0,4,False,,,,synthetic
2026-08-28,Google Search,C-GGL-RET,retargeting,retargeting,Remote,seed,ai_saas,generic,generic,253,8,46.51,6,1,1,0,0,0,0.0,5.81,0.0316,0.1667,1.0,46.51,46.51,,0.0,4,False,,,,synthetic
2026-08-29,Google Search,C-GGL-ENT,ai_founders,prospecting,SF Bay,seed,ai_saas,enterprise,enterprise_ready,222,10,104.29,8,1,0,0,0,0,0.0,10.43,0.045,0.125,0.0,104.29,,,0.0,5,True,ent_vs_gen_ggl,treatment,,synthetic
2026-08-29,Google Search,C-GGL-GEN,saas_founders,prospecting,Remote,pre_seed,ai_saas,generic,generic,90,6,50.33,5,2,0,0,0,0,0.0,8.39,0.0667,0.4,0.0,25.16,,,0.0,5,True,ent_vs_gen_ggl,control,,synthetic
2026-08-29,LinkedIn,C-LNK-ENT,ai_founders,prospecting,NYC,seed,ai_saas,enterprise,enterprise_ready,926,6,54.83,5,1,0,0,0,0,0.0,9.14,0.0065,0.2,0.0,54.83,,,0.0,5,True,,,,synthetic
2026-08-29,LinkedIn,C-LNK-FND,startup_operators,prospecting,Remote,seed,fintech,fundraising,enterprise_ready,1000,6,50.12,5,0,0,0,0,0,0.0,8.35,0.006,0.0,0.0,,,,0.0,5,True,,,,synthetic
2026-08-29,Meta,C-MTA-GEN,ai_founders,prospecting,Remote,pre_seed,ai_infra,generic,generic,1087,15,62.2,10,1,0,0,0,0,0.0,4.15,0.0138,0.1,0.0,62.2,,,0.0,5,True,,,,synthetic
2026-08-29,Meta,C-MTA-AI,saas_founders,prospecting,Remote,pre_seed,ai_saas,enterprise,ai_focused,1356,10,47.66,6,0,0,0,0,0,0.0,4.77,0.0074,0.0,0.0,,,,0.0,5,True,,,,synthetic
2026-08-29,Meta,C-MTA-RET,retargeting,retargeting,Remote,seed,ai_saas,enterprise,enterprise_ready,89,3,8.72,3,0,0,0,0,0,0.0,2.91,0.0337,0.0,0.0,,,,0.0,5,True,,,,synthetic
2026-08-29,Google Search,C-GGL-RET,retargeting,retargeting,Remote,seed,ai_saas,generic,generic,190,6,34.95,5,0,0,0,0,0,0.0,5.83,0.0316,0.0,0.0,,,,0.0,5,True,,,,synthetic
